{"Jaccard": [[[9.718670076726342, 13.043478260869565], 0.1], [[100.0, 100.0], 10.0], [[43.682310469314075, 53.015075376884425], 2.0], [[82.22222222222221, 90.71207430340557], 4.0], [[99.0521327014218, 98.69281045751634], 6.0], [[99.52606635071089, 99.01960784313727], 8.0]], "DeltaConnectivity": [[[11.866314519088949, 9.889868952806202], 0.1], [[15.764335048746533, 14.686637618476144], 10.0], [[14.37207458906791, 15.454291095355668], 2.0], [[15.17549862025261, 15.19998674308369], 4.0], [[15.907487932145273, 14.811534969448658], 6.0], [[15.86368140310816, 14.7801545507945], 8.0]], "Jaccard Betweenness": [[[0.0, 0.0], 0.1], [[100.0, 100.0], 10.0], [[0.0, 33.33333333333333], 2.0], [[33.33333333333333, 100.0], 4.0], [[100.0, 100.0], 6.0], [[100.0, 100.0], 8.0]], "Jaccard Closeness": [[[0.0, 0.0], 0.1], [[100.0, 100.0], 10.0], [[0.0, 33.33333333333333], 2.0], [[0.0, 100.0], 4.0], [[100.0, 100.0], 6.0], [[100.0, 100.0], 8.0]], "Jaccard Degree": [[[0.0, 0.0], 0.1], [[100.0, 100.0], 10.0], [[0.0, 33.33333333333333], 2.0], [[100.0, 100.0], 4.0], [[100.0, 100.0], 6.0], [[100.0, 100.0], 8.0]], "Densities": [[[[0.15912518853695323, 0.16440422322775264], [0.23001508295625941, 0.2209653092006033]], 0.1], [[[0.15912518853695323, 0.15912518853695323], [0.23001508295625941, 0.23001508295625941]], 10.0], [[[0.15912518853695323, 0.14102564102564102], [0.23001508295625941, 0.22926093514328807]], 2.0], [[[0.15912518853695323, 0.15007541478129713], [0.23001508295625941, 0.23453996983408748]], 4.0], [[[0.15912518853695323, 0.15761689291101055], [0.23001508295625941, 0.22850678733031674]], 6.0], [[[0.15912518853695323, 0.1583710407239819], [0.23001508295625941, 0.22926093514328807]], 8.0]], "Degrees": [[[[[8.115384615384615, 8.0], [8.384615384615385, 9.0]], [[11.73076923076923, 11.5], [11.26923076923077, 12.0]]], 0.1], [[[[8.115384615384615, 8.0], [8.115384615384615, 8.0]], [[11.73076923076923, 11.5], [11.73076923076923, 11.5]]], 10.0], [[[[8.115384615384615, 8.0], [7.1923076923076925, 6.5]], [[11.73076923076923, 11.5], [11.692307692307692, 11.0]]], 2.0], [[[[8.115384615384615, 8.0], [7.653846153846154, 8.0]], [[11.73076923076923, 11.5], [11.961538461538462, 12.0]]], 4.0], [[[[8.115384615384615, 8.0], [8.038461538461538, 8.0]], [[11.73076923076923, 11.5], [11.653846153846153, 11.5]]], 6.0], [[[[8.115384615384615, 8.0], [8.076923076923077, 7.5]], [[11.73076923076923, 11.5], [11.692307692307692, 11.5]]], 8.0]]}