{"Jaccard": [[[8.88888888888889, 14.202334630350194], 0.1], [[100.0, 99.34640522875817], 10.0], [[38.11074918566775, 53.92405063291139], 2.0], [[80.08658008658008, 84.59214501510573], 4.0], [[98.59154929577466, 99.01639344262296], 6.0], [[99.05660377358491, 100.0], 8.0]], "DeltaConnectivity": [[[12.732934550756935, 11.670020408251407], 0.1], [[15.764335048746533, 14.676504759201539], 10.0], [[14.092252220738105, 14.198824900645565], 2.0], [[16.990397390998247, 14.219091613051207], 4.0], [[15.689697084035798, 14.885161608095688], 6.0], [[14.91551854271135, 14.686637618476144], 8.0]], "Jaccard Betweenness": [[[0.0, 0.0], 0.1], [[100.0, 100.0], 10.0], [[33.33333333333333, 33.33333333333333], 2.0], [[0.0, 33.33333333333333], 4.0], [[100.0, 100.0], 6.0], [[100.0, 100.0], 8.0]], "Jaccard Closeness": [[[0.0, 0.0], 0.1], [[100.0, 100.0], 10.0], [[0.0, 33.33333333333333], 2.0], [[0.0, 33.33333333333333], 4.0], [[33.33333333333333, 100.0], 6.0], [[100.0, 100.0], 8.0]], "Jaccard Degree": [[[0.0, 0.0], 0.1], [[100.0, 100.0], 10.0], [[0.0, 33.33333333333333], 2.0], [[100.0, 100.0], 4.0], [[100.0, 100.0], 6.0], [[100.0, 100.0], 8.0]], "Densities": [[[[0.15912518853695323, 0.17345399698340874], [0.23001508295625941, 0.21266968325791855]], 0.1], [[[0.15912518853695323, 0.15912518853695323], [0.23001508295625941, 0.23001508295625941]], 10.0], [[[0.15912518853695323, 0.16063348416289594], [0.23001508295625941, 0.22850678733031674]], 2.0], [[[0.15912518853695323, 0.1546003016591252], [0.23001508295625941, 0.23076923076923078]], 4.0], [[[0.15912518853695323, 0.15987933634992457], [0.23001508295625941, 0.2277526395173454]], 6.0], [[[0.15912518853695323, 0.15912518853695323], [0.23001508295625941, 0.23001508295625941]], 8.0]], "Degrees": [[[[[8.115384615384615, 8.0], [8.846153846153847, 8.5]], [[11.73076923076923, 11.5], [10.846153846153847, 11.0]]], 0.1], [[[[8.115384615384615, 8.0], [8.115384615384615, 8.0]], [[11.73076923076923, 11.5], [11.73076923076923, 12.0]]], 10.0], [[[[8.115384615384615, 8.0], [8.192307692307692, 8.0]], [[11.73076923076923, 11.5], [11.653846153846153, 11.5]]], 2.0], [[[[8.115384615384615, 8.0], [7.884615384615385, 7.5]], [[11.73076923076923, 11.5], [11.76923076923077, 12.0]]], 4.0], [[[[8.115384615384615, 8.0], [8.153846153846153, 8.0]], [[11.73076923076923, 11.5], [11.615384615384615, 11.5]]], 6.0], [[[[8.115384615384615, 8.0], [8.115384615384615, 8.0]], [[11.73076923076923, 11.5], [11.73076923076923, 11.5]]], 8.0]]}