{"Jaccard": [[[11.546840958605664, 12.222222222222221], 2.0]], "DeltaConnectivity": [[[11.926215443207054, 11.948547754518007], 2.0]], "Jaccard Betweenness": [[[0.0, 0.0], 2.0]], "Jaccard Closeness": [[[0.0, 0.0], 2.0]], "Jaccard Degree": [[[0.0, 0.0], 2.0]], "Densities": [[[[0.15912518853695323, 0.22699849170437406], [0.23001508295625941, 0.22699849170437406]], 2.0]], "Degrees": [[[[[8.115384615384615, 8.0], [11.576923076923077, 13.0]], [[11.73076923076923, 11.5], [11.576923076923077, 13.0]]], 2.0]]}