{"Jaccard": [[[100.0, 100.0, 100.0, 100.0, 100.0, 100.0, 100.0], 20.0], [[84.81189038550859, 97.70486868838888, 92.3096976016684, 83.41176470588235, 79.15282392026577, 72.00878155872668, 57.53676470588235], 10.0], [[10.205213533000554, 42.4451070750881, 17.528232861460154, 7.6869565217391305, 5.521180390290338, 3.5830618892508146, 2.068126520681265], 6.0], [[0.2508780732563974, 1.3300948415452232, 0.4076086956521739, 0.1889168765743073, 0.2387774594078319, 0.06329113924050633, 0.12062726176115801], 2.0], [[0.05098139179199593, 0.18329705579104136, 0.026983270372369132, 0.0, 0.046707146193367584, 0.06215040397762585, 0.0], 0.1], [[45.853123858238945, 84.06670403587444, 61.22183708838822, 39.15200721695985, 29.40086473131563, 22.691082802547772, 15.564738292011018], 8.0], [[1.4679827891672994, 8.81574594773404, 2.7186927736300888, 0.8288173414089895, 0.8383791336748951, 0.4596191726854892, 0.6067961165048543], 4.0]], "DeltaConnectivity": [[[100.0, 100.0, 100.0, 100.0, 100.0, 100.0, 100.0], 20.0], [[32.48534362846496, 48.7249729765433, 36.98446458015102, 40.08461456993007, 35.22222194313498, 35.4431093798922, 26.863276328790697], 10.0], [[9.296929333871505, 12.270793028737177, 8.942138882827603, 9.480876280987516, 8.944015068909202, 8.411672357361201, 10.916081399581433], 6.0], [[5.853067555925471, 4.05346620702248, 4.905841423104558, 6.318968193662943, 7.366737483446703, 7.859671827180311, 9.697822774474444], 2.0], [[5.928460528404652, 3.9702079690854064, 4.872738681979346, 6.72793649831432, 7.2190021954700745, 7.727172545416748, 9.0787122718072], 0.1], [[16.580687154103522, 25.058788845666914, 18.211667222468677, 21.162105886284696, 16.995747449501117, 18.795118218357786, 14.816255248370252], 8.0], [[6.136561152065741, 5.578844604736636, 5.551715226402062, 6.380469305725055, 7.172734642393032, 8.092847251772, 9.727965601596654], 4.0]], "Jaccard Betweenness": [[[100.0, 100.0, 100.0, 100.0, 100.0, 100.0, 100.0], 20.0], [[79.04761904761905, 95.83333333333334, 88.0, 84.31372549019608, 79.04761904761905, 80.76923076923077, 69.36936936936937], 10.0], [[27.027027027027028, 74.07407407407408, 46.875, 14.634146341463413, 18.238993710691823, 7.428571428571429, 6.8181818181818175], 6.0], [[5.027932960893855, 6.214689265536723, 3.296703296703297, 1.6216216216216217, 2.73224043715847, 3.296703296703297, 5.617977528089887], 2.0], [[2.73224043715847, 2.73224043715847, 2.1739130434782608, 1.6216216216216217, 3.296703296703297, 3.296703296703297, 5.617977528089887], 0.1], [[64.91228070175438, 82.52427184466019, 67.85714285714286, 57.98319327731093, 50.4, 36.231884057971016, 19.745222929936308], 8.0], [[3.867403314917127, 44.61538461538462, 5.027932960893855, 3.867403314917127, 2.73224043715847, 5.027932960893855, 6.8181818181818175], 4.0]], "Jaccard Closeness": [[[100.0, 100.0, 100.0, 100.0, 100.0, 100.0, 100.0], 20.0], [[88.0, 97.89473684210527, 88.0, 77.35849056603774, 80.76923076923077, 67.85714285714286, 55.371900826446286], 10.0], [[18.9873417721519, 72.47706422018348, 35.25179856115108, 16.77018633540373, 14.634146341463413, 8.045977011494253, 8.045977011494253], 6.0], [[2.1739130434782608, 5.617977528089887, 2.73224043715847, 1.6216216216216217, 2.73224043715847, 2.73224043715847, 3.296703296703297], 2.0], [[3.296703296703297, 3.867403314917127, 3.296703296703297, 1.0752688172043012, 1.0752688172043012, 2.73224043715847, 2.1739130434782608], 0.1], [[66.3716814159292, 89.8989898989899, 66.3716814159292, 55.371900826446286, 49.2063492063492, 34.285714285714285, 19.745222929936308], 8.0], [[3.867403314917127, 36.231884057971016, 3.867403314917127, 2.1739130434782608, 5.617977528089887, 3.867403314917127, 3.867403314917127], 4.0]], "Jaccard Degree": [[[100.0, 100.0, 100.0, 100.0, 100.0, 100.0, 100.0], 20.0], [[91.83673469387756, 97.89473684210527, 89.8989898989899, 84.31372549019608, 86.13861386138613, 74.07407407407408, 70.9090909090909], 10.0], [[46.875, 82.52427184466019, 55.371900826446286, 18.9873417721519, 16.049382716049383, 6.214689265536723, 5.027932960893855], 6.0], [[5.027932960893855, 5.027932960893855, 5.027932960893855, 2.73224043715847, 2.1739130434782608, 2.73224043715847, 1.6216216216216217], 2.0], [[3.867403314917127, 5.027932960893855, 2.73224043715847, 2.73224043715847, 2.73224043715847, 3.296703296703297, 3.296703296703297], 0.1], [[79.04761904761905, 95.83333333333334, 88.0, 69.36936936936937, 57.98319327731093, 45.73643410852713, 21.29032258064516], 8.0], [[6.214689265536723, 54.09836065573771, 8.045977011494253, 2.73224043715847, 5.027932960893855, 3.296703296703297, 3.296703296703297], 4.0]], "Densities": [[[[0.0005529503354602362, 0.0005529503354602362], [0.003644811117381396, 0.003644811117381396], [0.0010234991407490272, 0.0010234991407490272], [0.0004344807954494379, 0.0004344807954494379], [0.0002993644816666306, 0.0002993644816666306], [0.00021779529018378592, 0.00021779529018378592], [0.00011902443246986518, 0.00011902443246986518]], 20.0], [[[0.0005529503354602362, 0.0005510082118535017], [0.003644811117381396, 0.0036445336711518625], [0.0010234991407490272, 0.0010232216945194937], [0.0004344807954494379, 0.00043059654823596915], [0.0002993644816666306, 0.0002990870354370971], [0.00021779529018378592, 0.00021696295149518547], [0.00011902443246986518, 0.00011874698624033169]], 10.0], [[[0.0005529503354602362, 0.0005496209807058343], [0.003644811117381396, 0.003644811117381396], [0.0010234991407490272, 0.0010265510492738954], [0.0004344807954494379, 0.00042449273118623244], [0.0002993644816666306, 0.00031573380920910625], [0.00021779529018378592, 0.00022334421477445565], [0.00011902443246986518, 0.00011375295410872896]], 6.0], [[[0.0005529503354602362, 0.000555724797755571], [0.003644811117381396, 0.0036473081334471975], [0.0010234991407490272, 0.001026828495503429], [0.0004344807954494379, 0.0004483531069261122], [0.0002993644816666306, 0.000282995154124155], [0.00021779529018378592, 0.00022084719870865428], [0.00011902443246986518, 0.00011125593804292759]], 2.0], [[[0.0005529503354602362, 0.0005360261154586935], [0.003644811117381396, 0.00363399071442959], [0.0010234991407490272, 0.0010334872050122327], [0.0004344807954494379, 0.0004372552577447728], [0.0002993644816666306, 0.00029492534199409485], [0.00021779529018378592, 0.00022889313936512535], [0.00011902443246986518, 0.00011042359935432714]], 0.1], [[[0.0005529503354602362, 0.000554615012837437], [0.003644811117381396, 0.003643701332463262], [0.0010234991407490272, 0.0010412556994391703], [0.0004344807954494379, 0.00042144082266136414], [0.0002993644816666306, 0.000281885369206021], [0.00021779529018378592, 0.00020974934952731485], [0.00011902443246986518, 0.00011375295410872896]], 8.0], [[[0.0005529503354602362, 0.0005593315987395063], [0.003644811117381396, 0.0036564638590218025], [0.0010234991407490272, 0.0009996387650091474], [0.0004344807954494379, 0.00044308162856497596], [0.0002993644816666306, 0.000301306605273365], [0.00021779529018378592, 0.00020669744100244652], [0.00011902443246986518, 0.00011097849181339411]], 4.0]],