{"Jaccard": [[[17.35159817351598, 15.80952380952381], 2.0]], "DeltaConnectivity": [[[37.96921458497165, 37.74977235569794], 2.0]], "Betweeness": [[[0.0, 11.11111111111111], 2.0]], "Closeness": [[[0.0, 0.0], 2.0]], "Degree": [[[11.11111111111111, 0.0], 2.0]]}