{"Jaccard": [[[17.35159817351598, 15.80952380952381], 2.0]], "DeltaConnectivity": [[[37.96921458497165, 37.74977235569794], 2.0]], "DeltaIn": [], "DeltaOut": [], "Jaccard Betweenness": [[[0.0, 11.11111111111111], 2.0]], "Jaccard Closeness": [[[0.0, 0.0], 2.0]], "Jaccard Degree": [[[11.11111111111111, 0.0], 2.0]], "Densities": [[[[0.15912518853695323, 0.22850678733031674], [0.23001508295625941, 0.22850678733031674]], 2.0]]}