{"Jaccard": [[[17.35159817351598, 15.80952380952381], 2.0]], "DeltaConnectivity": [[[12.667782450152682, 12.600274894174948], 2.0]], "Jaccard Betweenness": [[[0.0, 0.0], 2.0]], "Jaccard Closeness": [[[0.0, 0.0], 2.0]], "Jaccard Degree": [[[0.0, 0.0], 2.0]], "Densities": [[[[0.15912518853695323, 0.22850678733031674], [0.23001508295625941, 0.22850678733031674]], 2.0]], "Degrees": [[[[[8.115384615384615, 8.0], [11.653846153846153, 12.0]], [[11.73076923076923, 11.5], [11.653846153846153, 12.0]]], 2.0]]}