{"Jaccard": [[[0.0, 0.02977963073257892, 0.05447364837259975, 0.0, 0.0, 0.0, 0.0], 2.0], [[0.0, 0.0, 0.026096033402922752, 0.0, 0.0, 0.0, 0.0], 3.0], [[0.0, 0.0, 0.0, 0.0, 0.0, 0.0, 0.0], 4.0], [[0.0, 0.0, 0.05303632988597189, 0.0, 0.08605851979345956, 0.0, 0.0], 5.0], [[0.04816955684007707, 0.0, 0.02651113467656416, 0.12135922330097086, 0.0, 0.0, 0.0], 6.0], [[0.0, 0.0, 0.0, 0.06161429451632779, 0.08802816901408451, 0.0, 0.0], 7.0]], "DeltaConnectivity": [[[11.557500339153014, 6.516700572419536, 6.847316875068002, 13.496183957711807, 12.922118501022995, 13.607124328158141, 13.23874021339115], 2.0], [[12.45885504669636, 10.286489051947783, 11.765454504503115, 14.534232056330593, 15.55011354353104, 15.196474848690746, 15.239439478385775], 3.0], [[13.800732238668925, 10.98175579144267, 12.719590764613839, 17.348657281400445, 16.46246244992379, 18.010156770845946, 17.161171997126214], 4.0], [[13.303647656421886, 10.735246928362772, 11.926205224327962, 15.388307300550238, 15.064094784033234, 16.167472623715067, 16.209596100704708], 5.0], [[12.479136738325606, 10.289804507405332, 11.536494180874419, 15.343843527533362, 14.970588867830298, 16.081076968561742, 16.146706952670105], 6.0], [[13.808211919200877, 10.983296397097817, 12.54791421882277, 17.448723854277358, 16.49431671291762, 19.17316453124038, 17.162532230449973], 7.0]], "Jaccard Betweenness": [[[16.666666666666664, 4.41988950276243, 2.1621621621621623, 7.6923076923076925, 8.93371757925072, 21.153846153846153, 42.10526315789473], 2.0], [[20.382165605095544, 7.6923076923076925, 5.58659217877095, 7.0821529745042495, 7.386363636363637, 20.0, 40.520446096654275], 3.0], [[21.54340836012862, 7.386363636363637, 5.58659217877095, 7.386363636363637, 7.0821529745042495, 19.62025316455696, 41.04477611940299], 4.0], [[21.54340836012862, 7.6923076923076925, 5.58659217877095, 7.386363636363637, 7.0821529745042495, 19.242902208201894, 42.10526315789473], 5.0], [[21.54340836012862, 7.386363636363637, 5.58659217877095, 7.386363636363637, 7.6923076923076925, 20.0, 40.520446096654275], 6.0], [[21.54340836012862, 7.386363636363637, 5.58659217877095, 7.386363636363637, 7.0821529745042495, 19.242902208201894, 41.04477611940299], 7.0]], "Jaccard Closeness": [[[3.5616438356164384, 5.0, 2.717391304347826, 9.248554913294797, 8.620689655172415, 14.893617021276595, 8.0], 2.0], [[9.565217391304348, 7.6923076923076925, 9.565217391304348, 9.248554913294797, 10.526315789473683, 10.204081632653061, 11.504424778761061], 3.0], [[20.0, 8.30945558739255, 8.620689655172415, 8.620689655172415, 9.565217391304348, 10.526315789473683, 14.19939577039275], 4.0], [[16.307692307692307, 8.0, 9.565217391304348, 9.248554913294797, 11.834319526627219, 12.835820895522387, 15.24390243902439], 5.0], [[16.666666666666664, 8.620689655172415, 10.850439882697946, 11.504424778761061, 12.5, 18.495297805642632, 14.19939577039275], 6.0], [[20.0, 8.0, 8.93371757925072, 9.565217391304348, 10.850439882697946, 11.834319526627219, 15.24390243902439], 7.0]], "Jaccard Degree": [[[6.478873239436619, 4.132231404958678, 2.4390243902439024, 9.248554913294797, 8.93371757925072, 10.850439882697946, 8.0], 2.0], [[5.2924791086350975, 7.0821529745042495, 8.0, 6.179775280898876, 8.30945558739255, 8.620689655172415, 8.30945558739255], 3.0], [[16.307692307692307, 9.883720930232558, 9.883720930232558, 9.565217391304348, 11.176470588235295, 9.565217391304348, 14.893617021276595], 4.0], [[10.526315789473683, 7.6923076923076925, 9.883720930232558, 9.565217391304348, 11.504424778761061, 12.835820895522387, 14.19939577039275], 5.0], [[9.565217391304348, 8.620689655172415, 11.176470588235295, 12.166172106824925, 13.855421686746988, 19.242902208201894, 13.513513513513514], 6.0], [[18.125, 9.248554913294797, 9.248554913294797, 9.248554913294797, 10.850439882697946, 11.504424778761061, 15.24390243902439], 7.0]], "Densities": [[[[0.0005529503354602362, 0.00018366940395116724], [0.003644811117381396, 0.0010148983076334892], [0.0010234991407490272, 0.0010148983076334892], [0.0004344807954494379, 0.00018366940395116724], [0.0002993644816666306, 0.00018366940395116724], [0.00021779529018378592, 0.00018366940395116724], [0.00011902443246986518, 0.00018366940395116724]], 2.0], [[[0.0005529503354602362, 3.995225705282188e-05], [0.003644811117381396, 3.995225705282188e-05], [0.0010234991407490272, 3.995225705282188e-05], [0.0004344807954494379, 3.995225705282188e-05], [0.0002993644816666306, 3.995225705282188e-05], [0.00021779529018378592, 3.995225705282188e-05], [0.00011902443246986518, 3.995225705282188e-05]], 3.0], [[[0.0005529503354602362, 1.8866343608277e-05], [0.003644811117381396, 1.8866343608277e-05], [0.0010234991407490272, 1.8866343608277e-05], [0.0004344807954494379, 1.8866343608277e-05], [0.0002993644816666306, 1.8866343608277e-05], [0.00021779529018378592, 1.8866343608277e-05], [0.00011902443246986518, 1.8866343608277e-05]], 4.0], [[[0.0005529503354602362, 2.3305483280812763e-05], [0.003644811117381396, 2.3305483280812763e-05], [0.0010234991407490272, 2.3305483280812763e-05], [0.0004344807954494379, 2.3305483280812763e-05], [0.0002993644816666306, 2.3305483280812763e-05], [0.00021779529018378592, 2.3305483280812763e-05], [0.00011902443246986518, 2.3305483280812763e-05]], 5.0], [[[0.0005529503354602362, 2.3305483280812763e-05], [0.003644811117381396, 2.3305483280812763e-05], [0.0010234991407490272, 2.3305483280812763e-05], [0.0004344807954494379, 2.3305483280812763e-05], [0.0002993644816666306, 2.3305483280812763e-05], [0.00021779529018378592, 2.3305483280812763e-05], [0.00011902443246986518, 2.3305483280812763e-05]], 6.0], [[[0.0005529503354602362, 1.6091881312942145e-05], [0.003644811117381396, 1.6091881312942145e-05], [0.0010234991407490272, 1.6091881312942145e-05], [0.0004344807954494379, 1.6091881312942145e-05], [0.0002993644816666306, 1.6091881312942145e-05], [0.00021779529018378592, 1.6091881312942145e-05], [0.00011902443246986518, 1.6091881312942145e-05]], 7.0]]}