{"Jaccard": [[[0.0, 0.0, 0.0, 0.0, 0.0, 0.0, 0.0, 0.0, 0.0, 0.0, 0.0, 0.0, 0.0, 0.0, 0.0, 0.0, 0.0, 0.0, 0.0, 0.0, 0.0, 0.0, 0.0, 0.0, 0.0, 0.0, 0.0, 0.0, 0.0], 11.0], [[0.0, 0.0, 0.0, 0.0, 0.0, 0.0, 0.0, 0.0, 0.0, 0.0, 0.0, 0.0, 0.0, 0.0, 0.0, 0.0, 0.0, 0.0, 0.0, 0.0, 0.0, 0.0, 0.0, 0.0, 0.0, 0.0, 0.0, 0.0, 0.0], 13.0], [[0.0, 0.0, 0.0, 0.0, 0.0, 0.0, 0.0, 0.0, 0.0, 0.0, 0.0, 0.0, 0.0, 0.0, 0.0, 0.0, 0.0, 0.0, 0.0, 0.0, 0.0, 0.0, 0.0, 0.0, 0.0, 0.0, 0.0, 0.0, 0.0], 15.0], [[0.0, 0.0, 0.0, 0.0, 0.0, 0.0, 0.0, 0.0, 0.0, 0.0, 0.0, 0.0, 0.0, 0.0, 0.0, 0.0, 0.0, 0.0, 0.0, 0.0, 0.0, 0.0, 0.0, 0.0, 0.0, 0.0, 0.0, 0.0, 0.0], 3.0], [[0.0, 0.0, 0.0, 0.0, 0.0, 0.0, 0.0, 0.0, 0.0, 0.0, 0.0, 0.0, 0.0, 0.0, 0.0, 0.0, 0.0, 0.0, 0.0, 0.0, 0.0, 0.0, 0.0, 0.0, 0.0, 0.0, 0.0, 0.0, 0.0], 5.0], [[0.0, 0.0, 0.0, 0.0, 0.0, 0.0, 0.0, 0.0, 0.0, 0.0, 0.0, 0.0, 0.0, 0.0, 0.0, 0.0, 0.0, 0.0, 0.0, 0.0, 0.0, 0.0, 0.0, 0.0, 0.0, 0.0, 0.0, 0.0, 0.0], 7.0], [[0.0, 0.0, 0.0, 0.0, 0.0, 0.0, 0.0, 0.0, 0.0, 0.0, 0.0, 0.0, 0.0, 0.0, 0.0, 0.0, 0.0, 0.0, 0.0, 0.0, 0.0, 0.0, 0.0, 0.0, 0.0, 0.0, 0.0, 0.0, 0.0], 9.0]], "DeltaConnectivity": [[[61.25741132772068, 64.94278423033208, 63.05234742967703, 73.82369072708495, 58.52791411674251, 66.61306537437697, 65.97223196417292, 65.51084427961301, 47.42766571403328, 53.20075143796124, 61.81794135128072, 72.61982326456125, 63.57165529925016, 80.5323759262827, 59.66541487941138, 52.11991039415299, 41.753940455880155, 68.50784462425943, 60.46126177929788, 75.12782153707252, 46.36191988377869, 45.02894203186759, 62.40777163709075, 63.66358583374519, 60.83458449112644, 50.26499179582933, 75.94136249175435, 40.03944781032253, 78.14752169096224], 11.0], [[61.25741132772068, 64.94278423033208, 63.05234742967703, 73.82369072708495, 58.52791411674251, 66.61306537437697, 65.97223196417292, 65.51084427961301, 47.42766571403328, 53.20075143796124, 61.81794135128072, 72.61982326456125, 63.57165529925016, 80.5323759262827, 59.66541487941138, 52.11991039415299, 41.753940455880155, 68.50784462425943, 60.46126177929788, 75.12782153707252, 46.36191988377869, 45.02894203186759, 62.40777163709075, 63.66358583374519, 60.83458449112644, 50.26499179582933, 75.94136249175435, 40.03944781032253, 78.14752169096224], 13.0], [[61.25741132772068, 64.94278423033208, 63.05234742967703, 73.82369072708495, 58.52791411674251, 66.61306537437697, 65.97223196417292, 65.51084427961301, 47.42766571403328, 53.20075143796124, 61.81794135128072, 72.61982326456125, 63.57165529925016, 80.5323759262827, 59.66541487941138, 52.11991039415299, 41.753940455880155, 68.50784462425943, 60.46126177929788, 75.12782153707252, 46.36191988377869, 45.02894203186759, 62.40777163709075, 63.66358583374519, 60.83458449112644, 50.26499179582933, 75.94136249175435, 40.03944781032253, 78.14752169096224], 15.0], [[61.25741132772068, 64.94278423033208, 63.05234742967703, 73.82369072708495, 58.52791411674251, 66.61306537437697, 65.97223196417292, 65.51084427961301, 47.42766571403328, 53.20075143796124, 61.81794135128072, 72.61982326456125, 63.57165529925016, 80.5323759262827, 59.66541487941138, 52.11991039415299, 41.753940455880155, 68.50784462425943, 60.46126177929788, 75.12782153707252, 46.36191988377869, 45.02894203186759, 62.40777163709075, 63.66358583374519, 60.83458449112644, 50.26499179582933, 75.94136249175435, 40.03944781032253, 78.14752169096224], 3.0], [[61.25741132772068, 64.94278423033208, 63.05234742967703, 73.82369072708495, 58.52791411674251, 66.61306537437697, 65.97223196417292, 65.51084427961301, 47.42766571403328, 53.20075143796124, 61.81794135128072, 72.61982326456125, 63.57165529925016, 80.5323759262827, 59.66541487941138, 52.11991039415299, 41.753940455880155, 68.50784462425943, 60.46126177929788, 75.12782153707252, 46.36191988377869, 45.02894203186759, 62.40777163709075, 63.66358583374519, 60.83458449112644, 50.26499179582933, 75.94136249175435, 40.03944781032253, 78.14752169096224], 5.0], [[61.25741132772068, 64.94278423033208, 63.05234742967703, 73.82369072708495, 58.52791411674251, 66.61306537437697, 65.97223196417292, 65.51084427961301, 47.42766571403328, 53.20075143796124, 61.81794135128072, 72.61982326456125, 63.57165529925016, 80.5323759262827, 59.66541487941138, 52.11991039415299, 41.753940455880155, 68.50784462425943, 60.46126177929788, 75.12782153707252, 46.36191988377869, 45.02894203186759, 62.40777163709075, 63.66358583374519, 60.83458449112644, 50.26499179582933, 75.94136249175435, 40.03944781032253, 78.14752169096224], 7.0], [[61.25741132772068, 64.94278423033208, 63.05234742967703, 73.82369072708495, 58.52791411674251, 66.61306537437697, 65.97223196417292, 65.51084427961301, 47.42766571403328, 53.20075143796124, 61.81794135128072, 72.61982326456125, 63.57165529925016, 80.5323759262827, 59.66541487941138, 52.11991039415299, 41.753940455880155, 68.50784462425943, 60.46126177929788, 75.12782153707252, 46.36191988377869, 45.02894203186759, 62.40777163709075, 63.66358583374519, 60.83458449112644, 50.26499179582933, 75.94136249175435, 40.03944781032253, 78.14752169096224], 9.0]],