{"Jaccard": [[[0.0, 0.2613240418118467, 1.477832512315271, 1.04754230459307], 2.0], [[0.6006006006006006, 1.6407599309153715, 1.9983347210657785, 1.2325390304026294], 3.0], [[0.0, 0.17436791630340018, 2.0219039595619206, 1.4321819713563606], 4.0]], "DeltaConnectivity": [[[14.246779747308743, 12.712012957873403, 12.861805728802894, 13.65580439224664], 2.0], [[13.802438963934009, 12.906193872403756, 12.267647432600393, 13.863505275024139], 3.0], [[13.689985059233484, 12.366095382090512, 12.311136474764032, 12.720843457236125], 4.0]], "Jaccard Betweenness": [[[3.4482758620689653, 0.0, 7.142857142857142, 7.142857142857142], 2.0], [[7.142857142857142, 15.384615384615385, 7.142857142857142, 11.11111111111111], 3.0], [[0.0, 0.0, 3.4482758620689653, 7.142857142857142], 4.0]], "Jaccard Closeness": [[[0.0, 0.0, 3.4482758620689653, 11.11111111111111], 2.0], [[3.4482758620689653, 3.4482758620689653, 0.0, 0.0], 3.0], [[0.0, 0.0, 7.142857142857142, 7.142857142857142], 4.0]], "Jaccard Degree": [[[0.0, 0.0, 7.142857142857142, 0.0], 2.0], [[11.11111111111111, 3.4482758620689653, 3.4482758620689653, 3.4482758620689653], 3.0], [[0.0, 0.0, 0.0, 3.4482758620689653], 4.0]], "Densities": [[[[0.0030905077262693157, 0.025342163355408388], [0.025474613686534215, 0.025342163355408388], [0.08167770419426049, 0.027461368653421633], [0.027902869757174393, 0.027461368653421633]], 2.0], [[[0.0030905077262693157, 0.026490066225165563], [0.025474613686534215, 0.026490066225165563], [0.08167770419426049, 0.026490066225165563], [0.027902869757174393, 0.026490066225165563]], 3.0], [[[0.0030905077262693157, 0.02525386313465784], [0.025474613686534215, 0.02525386313465784], [0.08167770419426049, 0.02525386313465784], [0.027902869757174393, 0.02525386313465784]], 4.0]]}