{"Jaccard": [[[19.5852534562212, 12.477064220183486], 2.0]], "DeltaConnectivity": [[[12.785636037332898, 12.602676802894267], 2.0]], "Jaccard Betweenness": [[[0.0, 0.0], 2.0]], "Jaccard Closeness": [[[0.0, 0.0], 2.0]], "Jaccard Degree": [[[0.0, 0.0], 2.0]], "Densities": [[[[0.15912518853695323, 0.23227752639517346], [0.23001508295625941, 0.23227752639517346]], 2.0]], "Degrees": [[[[[8.115384615384615, 8.0], [11.846153846153847, 12.0]], [[11.73076923076923, 11.5], [11.846153846153847, 12.0]]], 2.0]]}