{"Jaccard": [[[100.0, 100.0, 100.0, 100.0, 100.0, 100.0, 100.0], 20.0], [[85.89444184960298, 97.40893728877205, 92.48041775456919, 83.27505827505829, 76.62650602409639, 71.44420131291028, 49.91119005328597], 10.0], [[10.341997264021888, 42.08527720516437, 16.355878634639698, 8.729595457771469, 5.413385826771654, 4.11413404114134, 2.375296912114014], 6.0], [[0.2498126405196103, 1.2618661727251679, 0.371849607492081, 0.15913430935709738, 0.09402914903620122, 0.0655307994757536, 0.0], 2.0], [[0.025271670457417232, 0.21491345895536706, 0.06801795674057952, 0.031806615776081425, 0.0, 0.0, 0.0], 0.1], [[46.26373626373626, 84.31854923736557, 59.2384249242752, 39.15900131406045, 31.569343065693428, 22.605965463108323, 12.129032258064516], 8.0], [[1.8283392585068563, 8.835974446195968, 3.0509891334633603, 1.3183279742765275, 1.0618651892890119, 0.5138086062941554, 0.46403712296983757], 4.0]], "DeltaConnectivity": [[[100.0, 100.0, 100.0, 100.0, 100.0, 100.0, 100.0], 20.0], [[33.006533494914805, 46.78767957645738, 37.38522840605471, 38.965459925924165, 33.77849832454552, 35.34575904466386, 24.84091472541734], 10.0], [[8.389142060776738, 11.684506067015729, 8.704854171407987, 11.341331278445418, 9.197863038348473, 10.23639941142797, 9.535858019841168], 6.0], [[5.826197659693606, 3.989724494439612, 5.138338145090472, 6.722013398555918, 7.262913432714818, 8.594726873893167, 9.946099014575648], 2.0], [[5.895081627311991, 3.6943150425197566, 4.9168295608368435, 6.71074874627118, 7.068516373157917, 7.753193494708417, 8.696584473422805], 0.1], [[17.04042613414131, 25.317455636899393, 17.547702164211685, 20.255094264001784, 17.788691838763267, 19.190563645855242, 13.294532162137699], 8.0], [[5.879681545875309, 5.6442219266970035, 5.320687203805568, 6.416940690869516, 7.499833079352316, 7.931892827813515, 9.409262901017573], 4.0]], "Jaccard Betweenness": [[[100.0, 100.0, 100.0, 100.0, 100.0, 100.0, 100.0], 20.0], [[82.52427184466019, 93.81443298969072, 88.0, 80.76923076923077, 79.04761904761905, 74.07407407407408, 55.371900826446286], 10.0], [[16.77018633540373, 75.70093457943925, 44.61538461538462, 26.174496644295303, 18.238993710691823, 8.670520231213873, 6.8181818181818175], 6.0], [[3.296703296703297, 6.8181818181818175, 3.296703296703297, 3.296703296703297, 2.1739130434782608, 2.73224043715847, 4.444444444444445], 2.0], [[3.296703296703297, 1.6216216216216217, 3.296703296703297, 1.6216216216216217, 3.296703296703297, 5.027932960893855, 4.444444444444445], 0.1], [[64.91228070175438, 86.13861386138613, 74.07407407407408, 59.32203389830508, 55.371900826446286, 34.285714285714285, 21.29032258064516], 8.0], [[4.444444444444445, 49.2063492063492, 7.428571428571429, 2.73224043715847, 3.296703296703297, 2.73224043715847, 3.296703296703297], 4.0]], "Jaccard Closeness": [[[100.0, 100.0, 100.0, 100.0, 100.0, 100.0, 100.0], 20.0], [[86.13861386138613, 91.83673469387756, 86.13861386138613, 84.31372549019608, 75.70093457943925, 75.70093457943925, 56.666666666666664], 10.0], [[22.07792207792208, 74.07407407407408, 27.89115646258503, 16.049382716049383, 8.045977011494253, 8.670520231213873, 7.428571428571429], 6.0], [[2.1739130434782608, 2.1739130434782608, 3.296703296703297, 1.6216216216216217, 2.73224043715847, 0.53475935828877, 2.73224043715847], 2.0], [[2.1739130434782608, 2.1739130434782608, 1.0752688172043012, 3.867403314917127, 1.0752688172043012, 2.73224043715847, 1.6216216216216217], 0.1], [[60.68376068376068, 86.13861386138613, 67.85714285714286, 49.2063492063492, 45.73643410852713, 31.46853146853147, 18.9873417721519], 8.0], [[3.296703296703297, 37.22627737226277, 7.428571428571429, 2.1739130434782608, 3.296703296703297, 0.53475935828877, 2.1739130434782608], 4.0]], "Jaccard Degree": [[[100.0, 100.0, 100.0, 100.0, 100.0, 100.0, 100.0], 20.0], [[88.0, 100.0, 89.8989898989899, 84.31372549019608, 88.0, 77.35849056603774, 55.371900826446286], 10.0], [[46.875, 84.31372549019608, 54.09836065573771, 28.767123287671232, 14.634146341463413, 9.941520467836257, 6.8181818181818175], 6.0], [[2.1739130434782608, 6.214689265536723, 3.296703296703297, 3.867403314917127, 3.296703296703297, 3.296703296703297, 2.1739130434782608], 2.0], [[2.1739130434782608, 1.6216216216216217, 2.73224043715847, 1.6216216216216217, 2.73224043715847, 3.867403314917127, 2.1739130434782608], 0.1], [[88.0, 97.89473684210527, 82.52427184466019, 69.36936936936937, 62.06896551724138, 48.031496062992126, 22.875816993464053], 8.0], [[13.939393939393941, 59.32203389830508, 12.574850299401197, 3.296703296703297, 6.214689265536723, 2.73224043715847, 2.1739130434782608], 4.0]], "Densities": [[[[0.0005529503354602362, 0.0005529503354602362], [0.003644811117381396, 0.003644811117381396], [0.0010234991407490272, 0.0010234991407490272], [0.0004344807954494379, 0.0004344807954494379], [0.0002993644816666306, 0.0002993644816666306], [0.00021779529018378592, 0.00021779529018378592], [0.00011902443246986518, 0.00011902443246986518]], 20.0], [[[0.0005529503354602362, 0.0005512856580830352], [0.003644811117381396, 0.0036478630259062644], [0.0010234991407490272, 0.0010218344633718263], [0.0004344807954494379, 0.0004380875964333732], [0.0002993644816666306, 0.0003107397770775035], [0.00021779529018378592, 0.00021696295149518547], [0.00011902443246986518, 0.00011514018525639639]], 10.0], [[[0.0005529503354602362, 0.00056599030824831], [0.003644811117381396, 0.00362206052655965], [0.0010234991407490272, 0.0010193374473060248], [0.0004344807954494379, 0.0004156144518411609], [0.0002993644816666306, 0.00029492534199409485], [0.00021779529018378592, 0.00021751784395425246], [0.00011902443246986518, 0.00012013421738799912]], 6.0], [[[0.0005529503354602362, 0.0005604413836576402], [0.003644811117381396, 0.003635655391806791], [0.0010234991407490272, 0.0009985289800910134], [0.0004344807954494379, 0.0004386424888924402], [0.0002993644816666306, 0.0002913185410101595], [0.00021779529018378592, 0.00020586510231384607], [0.00011902443246986518, 0.00012152144853566654]], 2.0], [[[0.0005529503354602362, 0.0005451818410332985], [0.003644811117381396, 0.0036001422744265047], [0.0010234991407490272, 0.0010173953236992904], [0.0004344807954494379, 0.0004380875964333732], [0.0002993644816666306, 0.0003087976534707691], [0.00021779529018378592, 0.00022611867706979048], [0.00011902443246986518, 0.00012207634099473352]], 0.1], [[[0.0005529503354602362, 0.0005548924590669705], [0.003644811117381396, 0.003630661359675188], [0.0010234991407490272, 0.0010185051086174244], [0.0004344807954494379, 0.00044696587577844473], [0.0002993644816666306, 0.000300751712814298], [0.00021779529018378592, 0.00021557572034751804], [0.00011902443246986518, 0.00012207634099473352]], 8.0], [[[0.0005529503354602362, 0.0005596090449690398], [0.003644811117381396, 0.0036342681606591236], [0.0010234991407490272, 0.0010287706191101633], [0.0004344807954494379, 0.00043975227381057416], [0.0002993644816666306, 0.00030796531478216864], [0.00021779529018378592, 0.00021640805903611852], [0.00011902443246986518, 0.00012124400230613306]], 4.0]],