{"Jaccard": [[[0.0, 0.0, 0.0, 0.0, 0.0, 0.0, 0.0], 3.0], [[0.0, 0.0, 0.0, 0.0, 0.0, 0.0, 0.0], 6.0], [[0.0, 0.0, 0.0, 0.0, 0.0, 0.0, 0.0], 7.0], [[0.0, 0.04188606988989947, 0.08258774948382656, 0.053447354355959376, 0.0, 0.0, 0.13623978201634876], 2.0], [[0.0, 0.0, 0.0, 0.0, 0.0, 0.0, 0.0], 5.0], [[0.0, 0.0, 0.0, 0.0, 0.0, 0.0, 0.0], 4.0]], "DeltaConnectivity": [[[13.04028839558455, 10.598692839395817, 11.617115377177868, 14.755671040732848, 14.4493196336867, 16.332949703205276, 15.69960208510221], 3.0], [[16.085978293357353, 11.984901848270491, 14.147414582988569, 22.1672431155918, 21.10532626450443, 25.058482596647842, 22.73631433527153], 6.0], [[14.152293134857455, 11.149168212900241, 13.025678314134998, 17.6024521690136, 17.08372288625716, 18.852963963397183, 17.86741687231985], 7.0], [[10.82158718786492, 7.040680949312506, 6.815230585738928, 12.978646869151996, 12.773459026646314, 12.441214418946291, 12.17329544932875], 2.0], [[14.365381122875723, 11.095785928528178, 12.718699126726168, 18.04948442210862, 17.479312423806913, 18.576287822530254, 17.634362922458212], 5.0], [[13.374638963792536, 10.770425000265538, 12.492569642037486, 16.790273728131726, 16.354192389351223, 17.85918247273656, 17.03104663908953], 4.0]], "Jaccard Betweenness": [[[13.253012048192772, 6.214689265536723, 5.027932960893855, 5.617977528089887, 6.214689265536723, 6.214689265536723, 5.617977528089887], 3.0], [[13.253012048192772, 5.617977528089887, 5.027932960893855, 5.617977528089887, 5.617977528089887, 5.617977528089887, 5.617977528089887], 6.0], [[13.253012048192772, 5.617977528089887, 5.027932960893855, 5.617977528089887, 5.617977528089887, 5.617977528089887, 5.617977528089887], 7.0], [[13.253012048192772, 3.867403314917127, 2.1739130434782608, 6.214689265536723, 7.428571428571429, 5.617977528089887, 5.027932960893855], 2.0], [[13.939393939393941, 5.617977528089887, 5.027932960893855, 5.617977528089887, 5.617977528089887, 5.617977528089887, 5.617977528089887], 5.0], [[13.253012048192772, 5.617977528089887, 5.027932960893855, 5.617977528089887, 5.617977528089887, 5.617977528089887, 5.617977528089887], 4.0]], "Jaccard Closeness": [[[2.73224043715847, 1.6216216216216217, 4.444444444444445, 3.867403314917127, 3.296703296703297, 3.867403314917127, 3.867403314917127], 3.0], [[14.634146341463413, 4.444444444444445, 6.8181818181818175, 6.214689265536723, 4.444444444444445, 3.867403314917127, 4.444444444444445], 6.0], [[9.30232558139535, 2.73224043715847, 6.8181818181818175, 7.428571428571429, 4.444444444444445, 4.444444444444445, 5.617977528089887], 7.0], [[1.6216216216216217, 2.1739130434782608, 1.0752688172043012, 5.617977528089887, 3.867403314917127, 2.1739130434782608, 2.1739130434782608], 2.0], [[10.588235294117647, 3.867403314917127, 5.027932960893855, 6.214689265536723, 4.444444444444445, 3.867403314917127, 3.296703296703297], 5.0], [[3.867403314917127, 2.1739130434782608, 4.444444444444445, 6.214689265536723, 5.027932960893855, 3.296703296703297, 5.027932960893855], 4.0]], "Jaccard Degree": [[[2.73224043715847, 6.214689265536723, 2.73224043715847, 2.1739130434782608, 3.296703296703297, 2.1739130434782608, 2.73224043715847], 3.0], [[17.5, 6.214689265536723, 5.027932960893855, 6.214689265536723, 6.8181818181818175, 6.214689265536723, 5.027932960893855], 6.0], [[6.8181818181818175, 3.867403314917127, 6.8181818181818175, 6.214689265536723, 8.670520231213873, 8.045977011494253, 7.428571428571429], 7.0], [[3.867403314917127, 2.73224043715847, 0.53475935828877, 4.444444444444445, 3.296703296703297, 4.444444444444445, 1.6216216216216217], 2.0], [[7.428571428571429, 3.296703296703297, 3.867403314917127, 5.027932960893855, 5.027932960893855, 4.444444444444445, 4.444444444444445], 5.0], [[4.444444444444445, 1.6216216216216217, 4.444444444444445, 2.1739130434782608, 1.0752688172043012, 1.6216216216216217, 4.444444444444445], 4.0]], "Densities": [[[[0.0005529503354602362, 2.164080590361185e-05], [0.003644811117381396, 2.164080590361185e-05], [0.0010234991407490272, 2.164080590361185e-05], [0.0004344807954494379, 2.164080590361185e-05], [0.0002993644816666306, 2.164080590361185e-05], [0.00021779529018378592, 2.164080590361185e-05], [0.00011902443246986518, 2.164080590361185e-05]], 3.0], [[[0.0005529503354602362, 0], [0.003644811117381396, 0], [0.0010234991407490272, 0], [0.0004344807954494379, 0], [0.0002993644816666306, 0], [0.00021779529018378592, 0], [0.00011902443246986518, 0]], 6.0], [[[0.0005529503354602362, 7.768494426937588e-06], [0.003644811117381396, 7.768494426937588e-06], [0.0010234991407490272, 7.768494426937588e-06], [0.0004344807954494379, 7.768494426937588e-06], [0.0002993644816666306, 7.768494426937588e-06], [0.00021779529018378592, 7.768494426937588e-06], [0.00011902443246986518, 7.768494426937588e-06]], 7.0], [[[0.0005529503354602362, 8.489854623724649e-05], [0.003644811117381396, 0.0009938123941889442], [0.0010234991407490272, 0.0009938123941889442], [0.0004344807954494379, 8.489854623724649e-05], [0.0002993644816666306, 8.489854623724649e-05], [0.00021779529018378592, 8.489854623724649e-05], [0.00011902443246986518, 8.489854623724649e-05]], 2.0], [[[0.0005529503354602362, 8.323386886004558e-06], [0.003644811117381396, 8.323386886004558e-06], [0.0010234991407490272, 8.323386886004558e-06], [0.0004344807954494379, 8.323386886004558e-06], [0.0002993644816666306, 8.323386886004558e-06], [0.00021779529018378592, 8.323386886004558e-06], [0.00011902443246986518, 8.323386886004558e-06]], 5.0], [[[0.0005529503354602362, 1.5536988853875175e-05], [0.003644811117381396, 1.5536988853875175e-05], [0.0010234991407490272, 1.5536988853875175e-05], [0.0004344807954494379, 1.5536988853875175e-05], [0.0002993644816666306, 1.5536988853875175e-05], [0.00021779529018378592, 1.5536988853875175e-05], [0.00011902443246986518, 1.5536988853875175e-05]], 4.0]],