{"Jaccard": [[[100.0, 100.0, 100.0, 100.0, 100.0, 100.0, 100.0], 20.0], [[86.5546218487395, 97.72060482960957, 91.64497657470068, 82.7203736135435, 77.9618889809445, 70.0, 54.528985507246375], 10.0], [[10.270568746548868, 42.855584047138414, 16.817301484828924, 8.412806539509535, 5.699745547073792, 3.249336870026525, 2.93040293040293], 6.0], [[0.32969819934060357, 1.3523956723338484, 0.2167434299647792, 0.22392834293026234, 0.09345794392523366, 0.06184291898577613, 0.0], 2.0], [[0.0, 0.2020279027216589, 0.027273966998499932, 0.06495615459564794, 0.0, 0.0, 0.0], 0.1], [[46.21485219899063, 84.43650626882399, 59.078242229367625, 38.698172090949626, 30.45066991473813, 23.948220064724918, 16.32928475033738], 8.0], [[1.4898535833547393, 9.013266998341624, 2.8096169974839253, 1.1549566891241578, 0.8482563619227144, 0.5025125628140703, 0.8244994110718492], 4.0]], "DeltaConnectivity": [[[100.0, 100.0, 100.0, 100.0, 100.0, 100.0, 100.0], 20.0], [[33.745195332913056, 48.793871592006646, 35.58712376773676, 39.35605633227109, 34.92797199824921, 34.09985754599599, 25.577553181207367], 10.0], [[9.66953220959255, 12.057941530658473, 9.210056985101126, 11.154564726015444, 9.451953347871573, 9.027235791027117, 10.373682409579937], 6.0], [[5.912115360370878, 3.8499878174619777, 5.558142603746997, 6.408922409049361, 7.612011543742264, 7.688591107482598, 9.42177538123029], 2.0], [[5.784361527748688, 3.889079333438567, 5.1071539124172105, 7.437043115850832, 7.605826153891384, 8.116400928190979, 9.332990795887183], 0.1], [[16.56671889726943, 25.36331783672891, 17.341319865870577, 19.582701819946593, 17.986291602361383, 17.857768602213824, 14.192483469355393], 8.0], [[6.216599085743371, 5.8702048767312505, 5.167960694513009, 6.727991132961174, 7.254792196222818, 7.78071879437126, 9.503615053102035], 4.0]], "Jaccard Betweenness": [[[100.0, 100.0, 100.0, 100.0, 100.0, 100.0, 100.0], 20.0], [[82.52427184466019, 93.81443298969072, 93.81443298969072, 77.35849056603774, 77.35849056603774, 75.70093457943925, 64.91228070175438], 10.0], [[15.337423312883436, 77.35849056603774, 43.51145038167939, 22.875816993464053, 16.77018633540373, 10.588235294117647, 6.214689265536723], 6.0], [[3.867403314917127, 9.30232558139535, 1.6216216216216217, 4.444444444444445, 2.1739130434782608, 2.73224043715847, 7.428571428571429], 2.0], [[2.1739130434782608, 2.73224043715847, 2.1739130434782608, 1.6216216216216217, 1.0752688172043012, 5.027932960893855, 5.617977528089887], 0.1], [[48.031496062992126, 82.52427184466019, 69.36936936936937, 46.875, 48.031496062992126, 38.23529411764706, 29.655172413793103], 8.0], [[3.296703296703297, 51.61290322580645, 9.30232558139535, 4.444444444444445, 2.1739130434782608, 3.867403314917127, 6.8181818181818175], 4.0]], "Jaccard Closeness": [[[100.0, 100.0, 100.0, 100.0, 100.0, 100.0, 100.0], 20.0], [[88.0, 95.83333333333334, 84.31372549019608, 79.04761904761905, 79.04761904761905, 66.3716814159292, 60.68376068376068], 10.0], [[18.238993710691823, 67.85714285714286, 33.33333333333333, 18.9873417721519, 14.634146341463413, 4.444444444444445, 2.73224043715847], 6.0], [[2.73224043715847, 6.214689265536723, 1.6216216216216217, 0.53475935828877, 2.73224043715847, 4.444444444444445, 3.296703296703297], 2.0], [[5.617977528089887, 5.027932960893855, 0.53475935828877, 2.73224043715847, 3.296703296703297, 3.296703296703297, 2.1739130434782608], 0.1], [[64.91228070175438, 89.8989898989899, 69.36936936936937, 48.031496062992126, 46.875, 34.285714285714285, 20.51282051282051], 8.0], [[2.73224043715847, 40.298507462686565, 4.444444444444445, 4.444444444444445, 3.867403314917127, 3.296703296703297, 2.1739130434782608], 4.0]], "Jaccard Degree": [[[100.0, 100.0, 100.0, 100.0, 100.0, 100.0, 100.0], 20.0], [[89.8989898989899, 97.89473684210527, 89.8989898989899, 88.0, 84.31372549019608, 79.04761904761905, 59.32203389830508], 10.0], [[43.51145038167939, 77.35849056603774, 50.4, 32.3943661971831, 16.049382716049383, 10.588235294117647, 5.027932960893855], 6.0], [[3.296703296703297, 9.30232558139535, 2.1739130434782608, 2.73224043715847, 2.73224043715847, 3.296703296703297, 4.444444444444445], 2.0], [[3.867403314917127, 3.867403314917127, 1.0752688172043012, 1.0752688172043012, 3.296703296703297, 2.73224043715847, 2.73224043715847], 0.1], [[79.04761904761905, 95.83333333333334, 88.0, 69.36936936936937, 63.47826086956522, 48.031496062992126, 31.46853146853147], 8.0], [[8.670520231213873, 52.84552845528455, 13.939393939393941, 5.617977528089887, 6.214689265536723, 6.8181818181818175, 2.73224043715847], 4.0]], "Densities": [[[[0.0005529503354602362, 0.0005529503354602362], [0.003644811117381396, 0.003644811117381396], [0.0010234991407490272, 0.0010234991407490272], [0.0004344807954494379, 0.0004344807954494379], [0.0002993644816666306, 0.0002993644816666306], [0.00021779529018378592, 0.00021779529018378592], [0.00011902443246986518, 0.00011902443246986518]], 20.0], [[[0.0005529503354602362, 0.000555724797755571], [0.003644811117381396, 0.0036473081334471975], [0.0010234991407490272, 0.0010193374473060248], [0.0004344807954494379, 0.00043392590299037094], [0.0002993644816666306, 0.00029659001937129575], [0.00021779529018378592, 0.00022556378461072353], [0.00011902443246986518, 0.00011763720132219775]], 10.0], [[[0.0005529503354602362, 0.000555169905296504], [0.003644811117381396, 0.0036198409567233824], [0.0010234991407490272, 0.0009846566686143392], [0.0004344807954494379, 0.0004486305531556457], [0.0002993644816666306, 0.00027689133707441827], [0.00021779529018378592, 0.00021418848919985063], [0.00011902443246986518, 0.0001148627390268629]], 6.0], [[[0.0005529503354602362, 0.0005446269485742315], [0.003644811117381396, 0.0036326034832819226], [0.0010234991407490272, 0.0010290480653396968], [0.0004344807954494379, 0.0004347582416789714], [0.0002993644816666306, 0.00029492534199409485], [0.00021779529018378592, 0.00023111270920139323], [0.00011902443246986518, 0.00011930187869939866]], 2.0], [[[0.0005529503354602362, 0.0005693196630027117], [0.003644811117381396, 0.0036484179183653314], [0.0010234991407490272, 0.0010115689528790873], [0.0004344807954494379, 0.00042033103774323017], [0.0002993644816666306, 0.00029492534199409485], [0.00021779529018378592, 0.0002033680862480447], [0.00011902443246986518, 0.00012207634099473352]], 0.1], [[[0.0005529503354602362, 0.00057237157152758], [0.003644811117381396, 0.003660902998694338], [0.0010234991407490272, 0.001035429328618967], [0.0004344807954494379, 0.0004286544246292347], [0.0002993644816666306, 0.00029492534199409485], [0.00021779529018378592, 0.0002072523334615135], [0.00011902443246986518, 0.00012013421738799912]], 8.0], [[[0.0005529503354602362, 0.0005432397174265642], [0.003644811117381396, 0.0036503600419720656], [0.0010234991407490272, 0.001017117877469757], [0.0004344807954494379, 0.0004403071662696411], [0.0002993644816666306, 0.00029437044953502787], [0.00021779529018378592, 0.00022611867706979048], [0.00011902443246986518, 0.00011846954001079821]], 4.0]],