{"Jaccard": [[[7.03125, 12.934362934362934], 0.1], [[100.0, 100.0], 10.0], [[43.40277777777778, 55.05050505050505], 2.0], [[81.97424892703863, 88.27160493827161], 4.0], [[97.64150943396226, 99.01960784313727], 6.0], [[100.0, 100.0], 8.0]], "DeltaConnectivity": [[[13.984877160415618, 9.69548562404145], 0.1], [[15.764335048746533, 14.686637618476144], 10.0], [[15.909418483857785, 13.192035006791276], 2.0], [[16.398561916170536, 13.931446065236896], 4.0], [[14.286755705129012, 14.787815600471566], 6.0], [[15.764335048746533, 14.686637618476144], 8.0]], "Jaccard Betweenness": [[[0.0, 0.0], 0.1], [[100.0, 100.0], 10.0], [[0.0, 33.33333333333333], 2.0], [[33.33333333333333, 0.0], 4.0], [[100.0, 100.0], 6.0], [[100.0, 100.0], 8.0]], "Jaccard Closeness": [[[0.0, 0.0], 0.1], [[100.0, 100.0], 10.0], [[0.0, 33.33333333333333], 2.0], [[0.0, 33.33333333333333], 4.0], [[100.0, 100.0], 6.0], [[100.0, 100.0], 8.0]], "Jaccard Degree": [[[0.0, 0.0], 0.1], [[100.0, 100.0], 10.0], [[33.33333333333333, 33.33333333333333], 2.0], [[100.0, 100.0], 4.0], [[100.0, 100.0], 6.0], [[100.0, 100.0], 8.0]], "Densities": [[[[0.15912518853695323, 0.15082956259426847], [0.23001508295625941, 0.21116138763197587]], 0.1], [[[0.15912518853695323, 0.15912518853695323], [0.23001508295625941, 0.23001508295625941]], 10.0], [[[0.15912518853695323, 0.15233785822021115], [0.23001508295625941, 0.2330316742081448]], 2.0], [[[0.15912518853695323, 0.16063348416289594], [0.23001508295625941, 0.23001508295625941]], 4.0], [[[0.15912518853695323, 0.1568627450980392], [0.23001508295625941, 0.22926093514328807]], 6.0], [[[0.15912518853695323, 0.15912518853695323], [0.23001508295625941, 0.23001508295625941]], 8.0]], "Degrees": [[[[[8.115384615384615, 8.0], [7.6923076923076925, 7.0]], [[11.73076923076923, 11.5], [10.76923076923077, 11.0]]], 0.1], [[[[8.115384615384615, 8.0], [8.115384615384615, 8.0]], [[11.73076923076923, 11.5], [11.73076923076923, 11.5]]], 10.0], [[[[8.115384615384615, 8.0], [7.769230769230769, 8.0]], [[11.73076923076923, 11.5], [11.884615384615385, 13.0]]], 2.0], [[[[8.115384615384615, 8.0], [8.192307692307692, 7.0]], [[11.73076923076923, 11.5], [11.73076923076923, 12.0]]], 4.0], [[[[8.115384615384615, 8.0], [8.0, 8.0]], [[11.73076923076923, 11.5], [11.692307692307692, 11.5]]], 6.0], [[[[8.115384615384615, 8.0], [8.115384615384615, 8.0]], [[11.73076923076923, 11.5], [11.73076923076923, 11.5]]], 8.0]]}