{"Jaccard": [[[0.0, 0.0, 0.0, 0.0, 0.0, 0.0, 0.0], 3.0], [[0.0, 0.0, 0.0, 0.0, 0.0, 0.0, 0.0], 6.0], [[0.0, 0.0, 0.0, 0.0, 0.0, 0.0, 0.0], 7.0], [[0.0, 0.0299007295778017, 0.02748385323622372, 0.0, 0.0, 0.0, 0.0], 2.0], [[0.0, 0.0, 0.0, 0.0, 0.0, 0.0, 0.0], 5.0], [[0.0, 0.0, 0.0, 0.0, 0.0, 0.0, 0.0], 4.0]], "DeltaConnectivity": [[[12.547907702344476, 10.065486923837277, 11.206818642469955, 14.71312614649831, 14.404460428636906, 16.190966101691075, 14.864608804414067], 3.0], [[15.601021645236207, 11.789300949134802, 13.821270150827544, 20.866666374831112, 19.986547822332838, 23.168174470836565, 21.331130480984346], 6.0], [[15.02420685742841, 11.543348224930423, 13.420712893430368, 19.464108155928702, 18.754884589600028, 21.24843062335004, 19.83252736300348], 7.0], [[11.161860962933895, 6.884493854733023, 7.014151218890693, 12.0872010471217, 12.779754435237875, 12.986229651639784, 12.186698445684103], 2.0], [[12.520159521019577, 10.567527588413274, 11.56951367862321, 14.65596387244314, 14.357169252817156, 16.22758561989193, 14.780542304847458], 5.0], [[15.170360927158184, 11.608163117989168, 13.526348548039097, 19.811048295631405, 19.061937341249543, 21.71316266251295, 20.201720262072236], 4.0]], "Jaccard Betweenness": [[[12.574850299401197, 5.617977528089887, 5.027932960893855, 5.617977528089887, 5.617977528089887, 5.617977528089887, 5.027932960893855], 3.0], [[13.253012048192772, 5.617977528089887, 5.027932960893855, 5.617977528089887, 5.617977528089887, 5.617977528089887, 5.617977528089887], 6.0], [[13.253012048192772, 5.617977528089887, 5.027932960893855, 5.617977528089887, 5.617977528089887, 5.617977528089887, 5.617977528089887], 7.0], [[11.904761904761903, 2.73224043715847, 1.6216216216216217, 6.214689265536723, 6.214689265536723, 6.8181818181818175, 5.027932960893855], 2.0], [[13.253012048192772, 5.617977528089887, 5.027932960893855, 5.617977528089887, 5.617977528089887, 5.617977528089887, 5.617977528089887], 5.0], [[13.253012048192772, 5.617977528089887, 5.027932960893855, 5.617977528089887, 5.617977528089887, 5.617977528089887, 5.617977528089887], 4.0]], "Jaccard Closeness": [[[4.444444444444445, 2.73224043715847, 4.444444444444445, 5.617977528089887, 2.73224043715847, 3.296703296703297, 3.296703296703297], 3.0], [[15.337423312883436, 5.027932960893855, 6.8181818181818175, 6.8181818181818175, 5.617977528089887, 5.027932960893855, 5.027932960893855], 6.0], [[14.634146341463413, 4.444444444444445, 6.214689265536723, 6.214689265536723, 4.444444444444445, 3.867403314917127, 3.867403314917127], 7.0], [[1.6216216216216217, 2.1739130434782608, 4.444444444444445, 1.6216216216216217, 1.6216216216216217, 3.867403314917127, 2.1739130434782608], 2.0], [[5.617977528089887, 2.1739130434782608, 4.444444444444445, 5.027932960893855, 3.867403314917127, 4.444444444444445, 3.296703296703297], 5.0], [[13.253012048192772, 4.444444444444445, 8.045977011494253, 8.045977011494253, 4.444444444444445, 5.027932960893855, 5.027932960893855], 4.0]], "Jaccard Degree": [[[6.8181818181818175, 5.027932960893855, 3.867403314917127, 5.617977528089887, 3.296703296703297, 3.296703296703297, 4.444444444444445], 3.0], [[16.77018633540373, 6.8181818181818175, 5.617977528089887, 7.428571428571429, 9.30232558139535, 8.045977011494253, 5.027932960893855], 6.0], [[13.253012048192772, 4.444444444444445, 4.444444444444445, 6.214689265536723, 6.214689265536723, 6.214689265536723, 6.214689265536723], 7.0], [[4.444444444444445, 2.73224043715847, 1.6216216216216217, 3.867403314917127, 1.6216216216216217, 2.1739130434782608, 2.73224043715847], 2.0], [[7.428571428571429, 3.867403314917127, 3.296703296703297, 4.444444444444445, 3.296703296703297, 3.867403314917127, 2.1739130434782608], 5.0], [[15.337423312883436, 5.027932960893855, 7.428571428571429, 8.045977011494253, 8.045977011494253, 8.045977011494253, 7.428571428571429], 4.0]], "Densities": [[[[0.0005529503354602362, 2.6634838035214587e-05], [0.003644811117381396, 2.6634838035214587e-05], [0.0010234991407490272, 2.6634838035214587e-05], [0.0004344807954494379, 2.6634838035214587e-05], [0.0002993644816666306, 2.6634838035214587e-05], [0.00021779529018378592, 2.6634838035214587e-05], [0.00011902443246986518, 2.6634838035214587e-05]], 3.0], [[[0.0005529503354602362, 1.6646773772009117e-06], [0.003644811117381396, 1.6646773772009117e-06], [0.0010234991407490272, 1.6646773772009117e-06], [0.0004344807954494379, 1.6646773772009117e-06], [0.0002993644816666306, 1.6646773772009117e-06], [0.00021779529018378592, 1.6646773772009117e-06], [0.00011902443246986518, 1.6646773772009117e-06]], 6.0], [[[0.0005529503354602362, 3.884247213468794e-06], [0.003644811117381396, 3.884247213468794e-06], [0.0010234991407490272, 3.884247213468794e-06], [0.0004344807954494379, 3.884247213468794e-06], [0.0002993644816666306, 3.884247213468794e-06], [0.00021779529018378592, 3.884247213468794e-06], [0.00011902443246986518, 3.884247213468794e-06]], 7.0], [[[0.0005529503354602362, 8.434365377817952e-05], [0.003644811117381396, 0.0009960319640252122], [0.0010234991407490272, 0.0009960319640252122], [0.0004344807954494379, 8.434365377817952e-05], [0.0002993644816666306, 8.434365377817952e-05], [0.00021779529018378592, 8.434365377817952e-05], [0.00011902443246986518, 8.434365377817952e-05]], 2.0], [[[0.0005529503354602362, 2.219569836267882e-05], [0.003644811117381396, 2.219569836267882e-05], [0.0010234991407490272, 2.219569836267882e-05], [0.0004344807954494379, 2.219569836267882e-05], [0.0002993644816666306, 2.219569836267882e-05], [0.00021779529018378592, 2.219569836267882e-05], [0.00011902443246986518, 2.219569836267882e-05]], 5.0], [[[0.0005529503354602362, 4.439139672535764e-06], [0.003644811117381396, 4.439139672535764e-06], [0.0010234991407490272, 4.439139672535764e-06], [0.0004344807954494379, 4.439139672535764e-06], [0.0002993644816666306, 4.439139672535764e-06], [0.00021779529018378592, 4.439139672535764e-06], [0.00011902443246986518, 4.439139672535764e-06]], 4.0]],