{"Jaccard": [[[0.0, 0.0, 0.0, 0.0, 0.0, 0.0, 0.0], 3.0], [[0.0, 0.0, 0.0, 0.0, 0.0, 0.0, 0.0], 6.0], [[0.0, 0.0, 0.0, 0.0, 0.0, 0.0, 0.0], 7.0], [[0.0, 0.10183299389002036, 0.05510400881664141, 0.0, 0.0, 0.0, 0.0], 2.0], [[0.0, 0.0, 0.0, 0.0, 0.0, 0.0, 0.0], 5.0], [[0.0, 0.0, 0.0, 0.0, 0.0, 0.0, 0.0], 4.0]], "DeltaConnectivity": [[[11.52330535787653, 9.53476812157948, 10.783700089779682, 12.566197675600293, 12.3966133525907, 13.538979633263612, 12.660867561564407], 3.0], [[16.085978293357353, 11.984901848270491, 14.147414582988569, 22.1672431155918, 21.10532626450443, 25.058482596647842, 22.73631433527153], 6.0], [[14.152529524764338, 11.291726450031229, 12.801489540430246, 17.602714364852623, 17.084090980152332, 19.656375365543212, 17.867103777355357], 7.0], [[10.927937329988616, 6.552402327949879, 6.920756320011294, 12.206705830085896, 12.05232338375399, 12.608029847929178, 12.342219141386138], 2.0], [[13.570698728914907, 10.870547179266756, 12.840761450182207, 16.49149172356982, 16.06557142746528, 17.47735647118976, 16.70314994265772], 5.0], [[14.077449118588406, 10.978740604473437, 12.914535875223354, 16.906893136371888, 16.948284533290234, 17.993543208622082, 17.138571825763133], 4.0]], "Jaccard Betweenness": [[[11.904761904761903, 6.214689265536723, 5.617977528089887, 5.617977528089887, 5.617977528089887, 6.8181818181818175, 5.617977528089887], 3.0], [[13.253012048192772, 5.617977528089887, 5.027932960893855, 5.617977528089887, 5.617977528089887, 5.617977528089887, 5.617977528089887], 6.0], [[13.253012048192772, 5.617977528089887, 5.027932960893855, 5.617977528089887, 5.617977528089887, 5.617977528089887, 5.617977528089887], 7.0], [[13.253012048192772, 1.6216216216216217, 2.1739130434782608, 5.617977528089887, 6.214689265536723, 5.617977528089887, 5.027932960893855], 2.0], [[13.253012048192772, 5.617977528089887, 5.027932960893855, 5.617977528089887, 5.617977528089887, 5.617977528089887, 5.617977528089887], 5.0], [[13.253012048192772, 5.617977528089887, 5.027932960893855, 5.617977528089887, 5.617977528089887, 5.617977528089887, 5.617977528089887], 4.0]], "Jaccard Closeness": [[[4.444444444444445, 4.444444444444445, 2.73224043715847, 3.296703296703297, 2.73224043715847, 2.1739130434782608, 2.73224043715847], 3.0], [[14.634146341463413, 4.444444444444445, 6.8181818181818175, 6.214689265536723, 4.444444444444445, 3.867403314917127, 4.444444444444445], 6.0], [[10.588235294117647, 3.296703296703297, 8.670520231213873, 7.428571428571429, 3.867403314917127, 5.027932960893855, 4.444444444444445], 7.0], [[1.6216216216216217, 1.0752688172043012, 2.1739130434782608, 3.867403314917127, 2.73224043715847, 3.296703296703297, 2.73224043715847], 2.0], [[5.027932960893855, 2.73224043715847, 6.214689265536723, 6.214689265536723, 4.444444444444445, 3.867403314917127, 4.444444444444445], 5.0], [[9.941520467836257, 2.73224043715847, 6.214689265536723, 8.045977011494253, 5.027932960893855, 3.867403314917127, 3.296703296703297], 4.0]], "Jaccard Degree": [[[3.867403314917127, 3.867403314917127, 2.1739130434782608, 2.1739130434782608, 4.444444444444445, 2.73224043715847, 3.296703296703297], 3.0], [[17.5, 6.214689265536723, 5.027932960893855, 6.214689265536723, 6.8181818181818175, 6.214689265536723, 5.027932960893855], 6.0], [[9.30232558139535, 4.444444444444445, 5.617977528089887, 6.214689265536723, 5.617977528089887, 6.8181818181818175, 5.027932960893855], 7.0], [[5.027932960893855, 2.73224043715847, 2.73224043715847, 4.444444444444445, 2.73224043715847, 5.027932960893855, 1.0752688172043012], 2.0], [[5.027932960893855, 1.6216216216216217, 3.296703296703297, 4.444444444444445, 2.73224043715847, 2.1739130434782608, 2.73224043715847], 5.0], [[6.214689265536723, 3.867403314917127, 4.444444444444445, 5.617977528089887, 5.617977528089887, 3.296703296703297, 3.867403314917127], 4.0]], "Densities": [[[[0.0005529503354602362, 6.492241771083555e-05], [0.003644811117381396, 6.492241771083555e-05], [0.0010234991407490272, 6.492241771083555e-05], [0.0004344807954494379, 6.492241771083555e-05], [0.0002993644816666306, 6.492241771083555e-05], [0.00021779529018378592, 6.492241771083555e-05], [0.00011902443246986518, 6.492241771083555e-05]], 3.0], [[[0.0005529503354602362, 0], [0.003644811117381396, 0], [0.0010234991407490272, 0], [0.0004344807954494379, 0], [0.0002993644816666306, 0], [0.00021779529018378592, 0], [0.00011902443246986518, 0]], 6.0], [[[0.0005529503354602362, 7.768494426937588e-06], [0.003644811117381396, 7.768494426937588e-06], [0.0010234991407490272, 7.768494426937588e-06], [0.0004344807954494379, 7.768494426937588e-06], [0.0002993644816666306, 7.768494426937588e-06], [0.00021779529018378592, 7.768494426937588e-06], [0.00011902443246986518, 7.768494426937588e-06]], 7.0], [[[0.0005529503354602362, 8.156919148284467e-05], [0.003644811117381396, 0.0009915928243526763], [0.0010234991407490272, 0.0009915928243526763], [0.0004344807954494379, 8.156919148284467e-05], [0.0002993644816666306, 8.156919148284467e-05], [0.00021779529018378592, 8.156919148284467e-05], [0.00011902443246986518, 8.156919148284467e-05]], 2.0], [[[0.0005529503354602362, 1.3872311476674263e-05], [0.003644811117381396, 1.3872311476674263e-05], [0.0010234991407490272, 1.3872311476674263e-05], [0.0004344807954494379, 1.3872311476674263e-05], [0.0002993644816666306, 1.3872311476674263e-05], [0.00021779529018378592, 1.3872311476674263e-05], [0.00011902443246986518, 1.3872311476674263e-05]], 5.0], [[[0.0005529503354602362, 1.3317419017607293e-05], [0.003644811117381396, 1.3317419017607293e-05], [0.0010234991407490272, 1.3317419017607293e-05], [0.0004344807954494379, 1.3317419017607293e-05], [0.0002993644816666306, 1.3317419017607293e-05], [0.00021779529018378592, 1.3317419017607293e-05], [0.00011902443246986518, 1.3317419017607293e-05]], 4.0]],