{"Jaccard": [[[0.0429553264604811, 0.022271714922048998, 0.024850894632206758, 0.0, 0.0, 0.0, 0.0], 3.0], [[0.0, 0.0, 0.0, 0.0, 0.0, 0.0, 0.0], 6.0], [[0.0, 0.01512973749905439, 0.0, 0.0, 0.0, 0.0, 0.0], 7.0], [[0.0, 0.0955851604038473, 0.04107338444687842, 0.0, 0.0, 0.0, 0.0], 2.0], [[0.0, 0.0, 0.0, 0.0, 0.0, 0.0, 0.0], 5.0], [[0.0, 0.0, 0.0, 0.0, 0.0, 0.0, 0.0], 4.0]], "DeltaConnectivity": [[[11.920975448613643, 9.862460589904739, 11.096840915753898, 13.358798517107967, 13.126195981427033, 13.861987979815138, 13.458701176416271], 3.0], [[14.756065306656913, 11.428043140366311, 13.234119101793457, 18.8721025462913, 18.677937644377682, 20.464603929060754, 19.740333851705067], 6.0], [[12.344872826591688, 10.231543350586755, 11.428327284176714, 14.370320728239399, 14.086921880874796, 14.997634828881612, 14.50799548283478], 7.0], [[11.0266336938673, 6.8746331982666, 6.774236730572282, 12.38894617541063, 13.041449993365935, 12.729401953044508, 12.478922535569424], 2.0], [[14.37185012603283, 11.09600447262076, 12.718900782915476, 17.380422086349597, 17.489458878728136, 19.41397291660283, 17.635829616598226], 5.0], [[14.536758072528997, 11.325183652677383, 13.077474443732076, 18.394245378417274, 17.799382516238882, 19.852593532190422, 18.69970113982224], 4.0]], "Jaccard Betweenness": [[[10.588235294117647, 4.444444444444445, 5.617977528089887, 6.8181818181818175, 6.214689265536723, 8.045977011494253, 6.214689265536723], 3.0], [[13.253012048192772, 5.617977528089887, 5.027932960893855, 5.617977528089887, 5.617977528089887, 5.617977528089887, 5.617977528089887], 6.0], [[13.253012048192772, 5.617977528089887, 5.027932960893855, 5.617977528089887, 5.617977528089887, 5.617977528089887, 5.027932960893855], 7.0], [[12.574850299401197, 2.1739130434782608, 3.296703296703297, 5.617977528089887, 5.617977528089887, 5.617977528089887, 5.027932960893855], 2.0], [[13.253012048192772, 5.617977528089887, 5.027932960893855, 5.617977528089887, 5.617977528089887, 5.617977528089887, 5.617977528089887], 5.0], [[13.253012048192772, 5.617977528089887, 5.027932960893855, 5.617977528089887, 5.617977528089887, 5.617977528089887, 5.617977528089887], 4.0]], "Jaccard Closeness": [[[8.045977011494253, 3.296703296703297, 2.73224043715847, 3.296703296703297, 4.444444444444445, 3.867403314917127, 5.027932960893855], 3.0], [[12.574850299401197, 5.617977528089887, 6.8181818181818175, 8.045977011494253, 5.027932960893855, 5.617977528089887, 6.214689265536723], 6.0], [[3.867403314917127, 2.73224043715847, 3.296703296703297, 3.867403314917127, 0.53475935828877, 1.6216216216216217, 2.1739130434782608], 7.0], [[5.027932960893855, 2.73224043715847, 1.0752688172043012, 2.73224043715847, 4.444444444444445, 1.0752688172043012, 3.867403314917127], 2.0], [[10.588235294117647, 2.73224043715847, 6.8181818181818175, 5.617977528089887, 3.867403314917127, 3.296703296703297, 4.444444444444445], 5.0], [[10.588235294117647, 2.73224043715847, 5.617977528089887, 7.428571428571429, 3.867403314917127, 4.444444444444445, 3.867403314917127], 4.0]], "Jaccard Degree": [[[5.027932960893855, 3.296703296703297, 3.867403314917127, 2.1739130434782608, 2.73224043715847, 4.444444444444445, 2.1739130434782608], 3.0], [[13.253012048192772, 5.027932960893855, 5.617977528089887, 8.670520231213873, 8.670520231213873, 10.588235294117647, 7.428571428571429], 6.0], [[5.617977528089887, 6.214689265536723, 1.6216216216216217, 1.0752688172043012, 0.53475935828877, 0.53475935828877, 3.296703296703297], 7.0], [[4.444444444444445, 3.296703296703297, 1.6216216216216217, 3.296703296703297, 2.73224043715847, 3.296703296703297, 3.296703296703297], 2.0], [[6.8181818181818175, 2.73224043715847, 5.617977528089887, 5.027932960893855, 7.428571428571429, 6.214689265536723, 3.867403314917127], 5.0], [[9.30232558139535, 5.617977528089887, 6.214689265536723, 7.428571428571429, 6.8181818181818175, 6.8181818181818175, 5.027932960893855], 4.0]], "Densities": [[[[0.0005529503354602362, 9.322193312325105e-05], [0.003644811117381396, 9.322193312325105e-05], [0.0010234991407490272, 9.322193312325105e-05], [0.0004344807954494379, 9.322193312325105e-05], [0.0002993644816666306, 9.322193312325105e-05], [0.00021779529018378592, 9.322193312325105e-05], [0.00011902443246986518, 9.322193312325105e-05]], 3.0], [[[0.0005529503354602362, 4.994032131602735e-06], [0.003644811117381396, 4.994032131602735e-06], [0.0010234991407490272, 4.994032131602735e-06], [0.0004344807954494379, 4.994032131602735e-06], [0.0002993644816666306, 4.994032131602735e-06], [0.00021779529018378592, 4.994032131602735e-06], [0.00011902443246986518, 4.994032131602735e-06]], 6.0], [[[0.0005529503354602362, 2.3305483280812763e-05], [0.003644811117381396, 2.3305483280812763e-05], [0.0010234991407490272, 2.3305483280812763e-05], [0.0004344807954494379, 2.3305483280812763e-05], [0.0002993644816666306, 2.3305483280812763e-05], [0.00021779529018378592, 2.3305483280812763e-05], [0.00011902443246986518, 2.3305483280812763e-05]], 7.0], [[[0.0005529503354602362, 7.934962164657679e-05], [0.003644811117381396, 0.0010038004584521497], [0.0010234991407490272, 0.0010038004584521497], [0.0004344807954494379, 7.934962164657679e-05], [0.0002993644816666306, 7.934962164657679e-05], [0.00021779529018378592, 7.934962164657679e-05], [0.00011902443246986518, 7.934962164657679e-05]], 2.0], [[[0.0005529503354602362, 8.323386886004558e-06], [0.003644811117381396, 8.323386886004558e-06], [0.0010234991407490272, 8.323386886004558e-06], [0.0004344807954494379, 8.323386886004558e-06], [0.0002993644816666306, 8.323386886004558e-06], [0.00021779529018378592, 8.323386886004558e-06], [0.00011902443246986518, 8.323386886004558e-06]], 5.0], [[[0.0005529503354602362, 7.768494426937588e-06], [0.003644811117381396, 7.768494426937588e-06], [0.0010234991407490272, 7.768494426937588e-06], [0.0004344807954494379, 7.768494426937588e-06], [0.0002993644816666306, 7.768494426937588e-06], [0.00021779529018378592, 7.768494426937588e-06], [0.00011902443246986518, 7.768494426937588e-06]], 4.0]],