{"Jaccard": [[[16.02708803611738, 18.058252427184467], 2.0]], "DeltaConnectivity": [[[31.467314961215447, 31.39756820437123], 2.0]], "Betweeness": [[[11.11111111111111, 25.0], 2.0]], "Closeness": [[[0.0, 0.0], 2.0]], "Degree": [[[11.11111111111111, 0.0], 2.0]]}