{"Jaccard": [[[16.02708803611738, 18.058252427184467], 2.0]], "DeltaConnectivity": [[[11.202688266006792, 11.343230805868545], 2.0]], "Jaccard Betweenness": [[[11.11111111111111, 25.0], 2.0]], "Jaccard Closeness": [[[0.0, 0.0], 2.0]], "Jaccard Degree": [[[11.11111111111111, 0.0], 2.0]], "Densities": [[[[0.15912518853695323, 0.22850678733031674], [0.23001508295625941, 0.22850678733031674]], 2.0]]}