{"Jaccard": [[[0.0, 0.0598838253787652, 0.013774104683195591, 0.0, 0.0, 0.0, 0.0], 2.0], [[0.0, 0.0, 0.0, 0.0, 0.0, 0.0, 0.0], 3.0], [[0.0, 0.0, 0.0, 0.0, 0.0, 0.0, 0.0], 4.0], [[0.0, 0.0, 0.0, 0.0, 0.08417508417508417, 0.0, 0.0], 5.0], [[0.0, 0.0, 0.0, 0.0, 0.0, 0.0, 0.0], 6.0], [[0.0, 0.0, 0.0, 0.0, 0.0, 0.0, 0.0], 7.0]], "DeltaConnectivity": [[[11.517647000418169, 6.8186034507182995, 6.809916899720047, 12.144025861130107, 12.052333979317737, 12.561438095824967, 12.274865565633188], 2.0], [[11.318696871896643, 10.13596901134019, 10.998047553584716, 14.138703203432303, 13.288517226309015, 13.217503160187288, 12.861890391685279], 3.0], [[14.598931946688998, 11.236279275450595, 13.122104362603116, 17.989146002873426, 17.91936430671804, 19.324995756901895, 18.273800591197663], 4.0], [[12.256900553087664, 10.167732431917402, 11.358592283925251, 14.222843243187228, 13.239573831882645, 14.83760894092657, 14.363251539639919], 5.0], [[16.085978293357353, 11.984901848270491, 14.147414582988565, 22.1672431155918, 21.10532626450443, 25.058482596647842, 22.73631433527153], 6.0], [[16.085978293357353, 11.984901848270491, 14.147414582988565, 22.1672431155918, 21.10532626450443, 25.058482596647842, 22.73631433527153], 7.0]], "Jaccard Betweenness": [[[19.62025316455696, 6.779661016949152, 4.7091412742382275, 6.779661016949152, 7.6923076923076925, 19.62025316455696, 40.520446096654275], 2.0], [[20.0, 7.6923076923076925, 5.88235294117647, 7.0821529745042495, 7.386363636363637, 20.0, 40.520446096654275], 3.0], [[21.54340836012862, 7.386363636363637, 5.58659217877095, 7.386363636363637, 7.0821529745042495, 19.242902208201894, 41.04477611940299], 4.0], [[21.153846153846153, 7.386363636363637, 5.88235294117647, 7.0821529745042495, 7.6923076923076925, 20.0, 41.04477611940299], 5.0], [[21.54340836012862, 7.386363636363637, 5.58659217877095, 7.386363636363637, 7.0821529745042495, 19.242902208201894, 41.04477611940299], 6.0], [[21.54340836012862, 7.386363636363637, 5.58659217877095, 7.386363636363637, 7.0821529745042495, 19.242902208201894, 41.04477611940299], 7.0]], "Jaccard Closeness": [[[5.58659217877095, 5.88235294117647, 4.132231404958678, 3.278688524590164, 6.779661016949152, 6.179775280898876, 5.2924791086350975], 2.0], [[6.179775280898876, 3.8461538461538463, 7.6923076923076925, 6.478873239436619, 6.179775280898876, 6.478873239436619, 6.478873239436619], 3.0], [[20.766773162939298, 7.0821529745042495, 5.88235294117647, 7.0821529745042495, 6.779661016949152, 6.478873239436619, 7.0821529745042495], 4.0], [[13.513513513513514, 7.0821529745042495, 6.478873239436619, 7.0821529745042495, 7.386363636363637, 7.386363636363637, 7.0821529745042495], 5.0], [[23.934426229508198, 6.779661016949152, 6.179775280898876, 7.6923076923076925, 7.386363636363637, 5.2924791086350975, 8.0], 6.0], [[23.934426229508198, 6.779661016949152, 6.179775280898876, 7.6923076923076925, 7.386363636363637, 5.2924791086350975, 8.0], 7.0]], "Jaccard Degree": [[[5.88235294117647, 5.0, 4.132231404958678, 6.179775280898876, 6.779661016949152, 5.88235294117647, 4.132231404958678], 2.0], [[6.179775280898876, 5.58659217877095, 5.2924791086350975, 7.0821529745042495, 5.0, 6.179775280898876, 4.132231404958678], 3.0], [[20.766773162939298, 8.93371757925072, 7.0821529745042495, 7.0821529745042495, 6.779661016949152, 7.0821529745042495, 9.565217391304348], 4.0], [[5.2924791086350975, 3.8461538461538463, 3.5616438356164384, 5.2924791086350975, 6.779661016949152, 5.88235294117647, 5.58659217877095], 5.0], [[26.0, 8.620689655172415, 6.779661016949152, 8.30945558739255, 7.386363636363637, 6.779661016949152, 9.248554913294797], 6.0], [[26.0, 8.620689655172415, 6.779661016949152, 8.30945558739255, 7.386363636363637, 6.779661016949152, 9.248554913294797], 7.0]], "Densities": [[[[0.0005529503354602362, 8.267897640097861e-05], [0.003644811117381396, 0.0009910379318936093], [0.0010234991407490272, 0.0009910379318936093], [0.0004344807954494379, 8.267897640097861e-05], [0.0002993644816666306, 8.267897640097861e-05], [0.00021779529018378592, 8.267897640097861e-05], [0.00011902443246986518, 8.267897640097861e-05]], 2.0], [[[0.0005529503354602362, 4.32816118072237e-05], [0.003644811117381396, 4.32816118072237e-05], [0.0010234991407490272, 4.32816118072237e-05], [0.0004344807954494379, 4.32816118072237e-05], [0.0002993644816666306, 4.32816118072237e-05], [0.00021779529018378592, 4.32816118072237e-05], [0.00011902443246986518, 4.32816118072237e-05]], 3.0], [[[0.0005529503354602362, 8.878279345071528e-06], [0.003644811117381396, 8.878279345071528e-06], [0.0010234991407490272, 8.878279345071528e-06], [0.0004344807954494379, 8.878279345071528e-06], [0.0002993644816666306, 8.878279345071528e-06], [0.00021779529018378592, 8.878279345071528e-06], [0.00011902443246986518, 8.878279345071528e-06]], 4.0], [[[0.0005529503354602362, 3.051908524868338e-05], [0.003644811117381396, 3.051908524868338e-05], [0.0010234991407490272, 3.051908524868338e-05], [0.0004344807954494379, 3.051908524868338e-05], [0.0002993644816666306, 3.051908524868338e-05], [0.00021779529018378592, 3.051908524868338e-05], [0.00011902443246986518, 3.051908524868338e-05]], 5.0], [[[0.0005529503354602362, 0], [0.003644811117381396, 0], [0.0010234991407490272, 0], [0.0004344807954494379, 0], [0.0002993644816666306, 0], [0.00021779529018378592, 0], [0.00011902443246986518, 0]], 6.0], [[[0.0005529503354602362, 0], [0.003644811117381396, 0], [0.0010234991407490272, 0], [0.0004344807954494379, 0], [0.0002993644816666306, 0], [0.00021779529018378592, 0], [0.00011902443246986518, 0]], 7.0]]}