{"Jaccard": [[[0.0, 1.3274336283185841, 1.93929173693086, 1.6088060965283657], 2.0], [[0.5797101449275363, 1.1794439764111204, 2.826267664172901, 1.2903225806451613], 3.0], [[0.0, 1.895306859205776, 2.08244793880153, 1.718213058419244], 4.0]], "DeltaConnectivity": [[[13.783400995809956, 13.579154109232316, 12.982886264964092, 14.635032090164923], 2.0], [[14.566858686649182, 13.223730919691395, 13.403453132698825, 13.989729899237114], 3.0], [[12.580796892747884, 11.862204817627651, 11.884190000695222, 12.095334124444232], 4.0]], "Jaccard Betweenness": [[[3.4482758620689653, 7.142857142857142, 3.4482758620689653, 3.4482758620689653], 2.0], [[3.4482758620689653, 3.4482758620689653, 7.142857142857142, 7.142857142857142], 3.0], [[3.4482758620689653, 7.142857142857142, 3.4482758620689653, 3.4482758620689653], 4.0]], "Jaccard Closeness": [[[0.0, 3.4482758620689653, 11.11111111111111, 3.4482758620689653], 2.0], [[0.0, 7.142857142857142, 7.142857142857142, 7.142857142857142], 3.0], [[3.4482758620689653, 11.11111111111111, 11.11111111111111, 0.0], 4.0]], "Jaccard Degree": [[[11.11111111111111, 7.142857142857142, 3.4482758620689653, 3.4482758620689653], 2.0], [[7.142857142857142, 11.11111111111111, 7.142857142857142, 20.0], 3.0], [[3.4482758620689653, 7.142857142857142, 11.11111111111111, 7.142857142857142], 4.0]], "Densities": [[[[0.0030905077262693157, 0.025077262693156733], [0.025474613686534215, 0.025077262693156733], [0.08167770419426049, 0.025077262693156733], [0.027902869757174393, 0.025077262693156733]], 2.0], [[[0.0030905077262693157, 0.027549668874172185], [0.025474613686534215, 0.027549668874172185], [0.08167770419426049, 0.027549668874172185], [0.027902869757174393, 0.027549668874172185]], 3.0], [[[0.0030905077262693157, 0.024370860927152318], [0.025474613686534215, 0.024370860927152318], [0.08167770419426049, 0.024370860927152318], [0.027902869757174393, 0.024370860927152318]], 4.0]]}