{"Jaccard": [[[9.635416666666668, 12.786259541984732], 0.1], [[100.0, 100.0], 10.0], [[38.53503184713376, 51.463414634146346], 2.0], [[82.96943231441048, 88.54489164086688], 4.0], [[98.11320754716981, 99.67320261437908], 6.0], [[99.05660377358491, 100.0], 8.0]], "DeltaConnectivity": [[[12.405155033585977, 11.847092568403273], 0.1], [[15.764335048746533, 14.686637618476144], 10.0], [[14.80701018371893, 12.511578616089375], 2.0], [[16.90273106787738, 14.639538737229648], 4.0], [[16.0673417828211, 14.643619900484856], 6.0], [[15.841579251557677, 14.686637618476144], 8.0]], "Jaccard Betweenness": [[[0.0, 0.0], 0.1], [[100.0, 100.0], 10.0], [[0.0, 33.33333333333333], 2.0], [[0.0, 0.0], 4.0], [[100.0, 100.0], 6.0], [[100.0, 100.0], 8.0]], "Jaccard Closeness": [[[0.0, 0.0], 0.1], [[100.0, 100.0], 10.0], [[33.33333333333333, 33.33333333333333], 2.0], [[0.0, 100.0], 4.0], [[33.33333333333333, 100.0], 6.0], [[100.0, 100.0], 8.0]], "Jaccard Degree": [[[0.0, 0.0], 0.1], [[100.0, 100.0], 10.0], [[33.33333333333333, 0.0], 2.0], [[100.0, 100.0], 4.0], [[100.0, 100.0], 6.0], [[100.0, 100.0], 8.0]], "Densities": [[[[0.15912518853695323, 0.1583710407239819], [0.23001508295625941, 0.21568627450980393]], 0.1], [[[0.15912518853695323, 0.15912518853695323], [0.23001508295625941, 0.23001508295625941]], 10.0], [[[0.15912518853695323, 0.1689291101055807], [0.23001508295625941, 0.2383107088989442]], 2.0], [[[0.15912518853695323, 0.1568627450980392], [0.23001508295625941, 0.22926093514328807]], 4.0], [[[0.15912518853695323, 0.15761689291101055], [0.23001508295625941, 0.23076923076923078]], 6.0], [[[0.15912518853695323, 0.15912518853695323], [0.23001508295625941, 0.23001508295625941]], 8.0]], "Degrees": [[[[[8.115384615384615, 8.0], [8.076923076923077, 8.0]], [[11.73076923076923, 11.5], [11.0, 11.0]]], 0.1], [[[[8.115384615384615, 8.0], [8.115384615384615, 8.0]], [[11.73076923076923, 11.5], [11.73076923076923, 11.5]]], 10.0], [[[[8.115384615384615, 8.0], [8.615384615384615, 8.0]], [[11.73076923076923, 11.5], [12.153846153846153, 12.5]]], 2.0], [[[[8.115384615384615, 8.0], [8.0, 7.5]], [[11.73076923076923, 11.5], [11.692307692307692, 12.5]]], 4.0], [[[[8.115384615384615, 8.0], [8.038461538461538, 7.5]], [[11.73076923076923, 11.5], [11.76923076923077, 12.0]]], 6.0], [[[[8.115384615384615, 8.0], [8.115384615384615, 7.5]], [[11.73076923076923, 11.5], [11.73076923076923, 11.5]]], 8.0]]}