{"Jaccard": [[[18.34862385321101, 15.749525616698293], 2.0]], "DeltaConnectivity": [[[14.726138067152405, 14.45626828352109], 2.0]], "Jaccard Betweenness": [[[0.0, 0.0], 2.0]], "Jaccard Closeness": [[[0.0, 0.0], 2.0]], "Jaccard Degree": [[[33.33333333333333, 0.0], 2.0]], "Densities": [[[[0.15912518853695323, 0.23001508295625941], [0.23001508295625941, 0.23001508295625941]], 2.0]], "Degrees": [[[[[8.115384615384615, 8.0], [11.73076923076923, 12.0]], [[11.73076923076923, 11.5], [11.73076923076923, 12.0]]], 2.0]]}