{"Jaccard": [[[100.0, 100.0, 100.0, 100.0, 100.0, 100.0, 100.0], 20.0], [[86.72607879924954, 97.55859375, 90.9067290205248, 83.73600471420153, 78.3851976450799, 72.2943722943723, 55.693950177935946], 10.0], [[10.13888888888889, 42.54170755642787, 17.051565960139197, 7.612456747404845, 5.50098231827112, 3.889255108767304, 1.9721577726218096], 6.0], [[0.1500750375187594, 1.3653465730576781, 0.3242805026347791, 0.12606366214938544, 0.04719207173194903, 0.0, 0.11862396204033215], 2.0], [[0.0767067246228586, 0.19517795637198623, 0.013653741125068267, 0.0, 0.0, 0.0625, 0.0], 0.1], [[44.16151327755548, 84.32116993601912, 58.930481283422466, 40.29320302087961, 31.030375223347228, 25.49329123914759, 13.552631578947368], 8.0], [[1.5832482124616958, 9.060598482954072, 3.0047078371642204, 1.000322684737012, 0.656968559361802, 0.5056890012642226, 0.4514672686230248], 4.0]], "DeltaConnectivity": [[[100.0, 100.0, 100.0, 100.0, 100.0, 100.0, 100.0], 20.0], [[33.56757465076568, 47.70107479574801, 34.93866241963867, 40.73548520110733, 34.61961534123721, 36.227519946524104, 24.52502633470206], 10.0], [[8.305763014202082, 12.087698109752301, 9.164215186765265, 11.287984192778579, 10.033922362356213, 9.793610574765076, 8.71740897776629], 6.0], [[5.836913897296797, 3.8645729410351755, 4.872459902434524, 6.649123774047166, 7.284151858499566, 7.866581593458616, 10.722869291883866], 2.0], [[5.677216504658689, 3.8334708472934813, 5.1091420628234765, 6.191491060836566, 7.493475190579489, 8.223408316773071, 9.49201603516093], 0.1], [[16.289634675838784, 25.47507711703772, 17.176730912938904, 20.689988497215232, 17.644168937391033, 19.804925079096297, 13.496168366062353], 8.0], [[6.18006339111381, 5.89934672836585, 5.454162079118209, 6.444577461042431, 7.625318916713832, 7.3032074701965435, 9.785423307257526], 4.0]], "Jaccard Betweenness": [[[100.0, 100.0, 100.0, 100.0, 100.0, 100.0, 100.0], 20.0], [[88.0, 95.83333333333334, 86.13861386138613, 80.76923076923077, 77.35849056603774, 75.70093457943925, 63.47826086956522], 10.0], [[25.333333333333336, 74.07407407407408, 51.61290322580645, 20.51282051282051, 18.238993710691823, 13.253012048192772, 8.670520231213873], 6.0], [[3.296703296703297, 6.214689265536723, 2.73224043715847, 2.73224043715847, 2.73224043715847, 2.73224043715847, 5.027932960893855], 2.0], [[3.296703296703297, 1.6216216216216217, 3.867403314917127, 2.73224043715847, 2.1739130434782608, 1.6216216216216217, 5.617977528089887], 0.1], [[64.91228070175438, 80.76923076923077, 67.85714285714286, 52.84552845528455, 51.61290322580645, 43.51145038167939, 21.29032258064516], 8.0], [[3.296703296703297, 48.031496062992126, 7.428571428571429, 3.296703296703297, 3.296703296703297, 2.73224043715847, 3.296703296703297], 4.0]], "Jaccard Closeness": [[[100.0, 100.0, 100.0, 100.0, 100.0, 100.0, 100.0], 20.0], [[82.52427184466019, 95.83333333333334, 89.8989898989899, 88.0, 75.70093457943925, 77.35849056603774, 62.06896551724138], 10.0], [[18.9873417721519, 70.9090909090909, 35.25179856115108, 17.5, 14.634146341463413, 10.588235294117647, 3.867403314917127], 6.0], [[5.617977528089887, 4.444444444444445, 3.296703296703297, 2.1739130434782608, 2.1739130434782608, 1.0752688172043012, 4.444444444444445], 2.0], [[2.1739130434782608, 2.1739130434782608, 2.73224043715847, 2.73224043715847, 2.1739130434782608, 1.0752688172043012, 3.867403314917127], 0.1], [[57.98319327731093, 88.0, 59.32203389830508, 48.031496062992126, 50.4, 39.25925925925926, 20.51282051282051], 8.0], [[3.296703296703297, 39.25925925925926, 5.027932960893855, 1.6216216216216217, 1.6216216216216217, 2.73224043715847, 2.73224043715847], 4.0]], "Jaccard Degree": [[[100.0, 100.0, 100.0, 100.0, 100.0, 100.0, 100.0], 20.0], [[89.8989898989899, 95.83333333333334, 89.8989898989899, 84.31372549019608, 82.52427184466019, 79.04761904761905, 66.3716814159292], 10.0], [[44.61538461538462, 82.52427184466019, 56.666666666666664, 21.29032258064516, 18.9873417721519, 11.242603550295858, 3.867403314917127], 6.0], [[4.444444444444445, 5.617977528089887, 3.296703296703297, 3.867403314917127, 2.73224043715847, 1.6216216216216217, 3.296703296703297], 2.0], [[3.296703296703297, 3.296703296703297, 2.1739130434782608, 2.73224043715847, 1.6216216216216217, 4.444444444444445, 2.73224043715847], 0.1], [[84.31372549019608, 95.83333333333334, 77.35849056603774, 75.70093457943925, 57.98319327731093, 50.4, 20.51282051282051], 8.0], [[8.670520231213873, 57.98319327731093, 10.588235294117647, 6.214689265536723, 5.617977528089887, 4.444444444444445, 1.0752688172043012], 4.0]], "Densities": [[[[0.0005529503354602362, 0.0005529503354602362], [0.003644811117381396, 0.003644811117381396], [0.0010234991407490272, 0.0010234991407490272], [0.0004344807954494379, 0.0004344807954494379], [0.0002993644816666306, 0.0002993644816666306], [0.00021779529018378592, 0.00021779529018378592], [0.00011902443246986518, 0.00011902443246986518]], 20.0], [[[0.0005529503354602362, 0.0005515631043125687], [0.003644811117381396, 0.003651747273119733], [0.0010234991407490272, 0.0010151757538630227], [0.0004344807954494379, 0.00043059654823596915], [0.0002993644816666306, 0.00028909897117389163], [0.00021779529018378592, 0.0002238991072335226], [0.00011902443246986518, 0.00012374101837193442]], 10.0], [[[0.0005529503354602362, 0.0005471239646400329], [0.003644811117381396, 0.0036090205537715764], [0.0010234991407490272, 0.0010296029577987638], [0.0004344807954494379, 0.00042837697839970127], [0.0002993644816666306, 0.00029659001937129575], [0.00021779529018378592, 0.00021945996756098684], [0.00011902443246986518, 0.00012485080329006836]], 6.0], [[[0.0005529503354602362, 0.0005579443675918389], [0.003644811117381396, 0.0036056911990171745], [0.0010234991407490272, 0.001036539113537101], [0.0004344807954494379, 0.00044696587577844473], [0.0002993644816666306, 0.00028882152494435814], [0.00021779529018378592, 0.00022056975247912078], [0.00011902443246986518, 0.00011514018525639639]], 2.0], [[[0.0005529503354602362, 0.0005329742069338252], [0.003644811117381396, 0.0036190086180347817], [0.0010234991407490272, 0.0010087944905837524], [0.0004344807954494379, 0.0004683292354525231], [0.0002993644816666306, 0.0003035261751096329], [0.00021779529018378592, 0.00022639612329932398], [0.00011902443246986518, 0.00011735975509266427]], 0.1], [[[0.0005529503354602362, 0.000546569072180966], [0.003644811117381396, 0.0036287192360684537], [0.0010234991407490272, 0.0010379263446847684], [0.0004344807954494379, 0.00044169439741730855], [0.0002993644816666306, 0.000311017223307037], [0.00021779529018378592, 0.00022334421477445565], [0.00011902443246986518, 0.0001204116636175326]], 8.0], [[[0.0005529503354602362, 0.0005507307656239682], [0.003644811117381396, 0.0036154018170508465], [0.0010234991407490272, 0.0010404233607505698], [0.0004344807954494379, 0.00043392590299037094], [0.0002993644816666306, 0.0002957576806826953], [0.00021779529018378592, 0.00022334421477445565], [0.00011902443246986518, 0.00012790271181493672]], 4.0]],