{"Jaccard": [[[12.162162162162163, 14.506769825918761], 0.1], [[13.404825737265416, 18.972332015810274], 0.5], [[21.21212121212121, 28.8981288981289], 1.0], [[35.0, 39.37360178970917], 1.5], [[100.0, 100.0], 10.0], [[39.735099337748345, 56.07940446650124], 2.0], [[53.985507246376805, 63.829787234042556], 2.5], [[65.84362139917695, 77.32558139534885], 3.0], [[73.49397590361446, 84.13173652694611], 3.5], [[88.88888888888889, 88.47352024922118], 4.0], [[91.4798206278027, 93.29073482428115], 4.5], [[92.20183486238533, 95.4983922829582], 5.0], [[96.74418604651163, 96.11650485436894], 5.5], [[97.67441860465115, 98.69706840390879], 6.0], [[98.59154929577466, 99.0228013029316], 6.5], [[99.52606635071089, 99.34640522875817], 7.0], [[99.05660377358491, 99.672131147541], 7.5], [[100.0, 100.0], 8.0], [[100.0, 100.0], 8.5], [[100.0, 99.672131147541], 9.0], [[100.0, 100.0], 9.5]], "DeltaConnectivity": [[[15.080476518988132, 12.43941453559199], 0.1], [[12.343883897007412, 11.005047713637097], 0.5], [[13.987122225531227, 11.406637329108138], 1.0], [[13.518636198750745, 12.064928909358672], 1.5], [[15.764335048746528, 14.686637618476148], 10.0], [[13.20873959850673, 13.501781677510502], 2.0], [[14.506612159655727, 13.87559483488169], 2.5], [[13.877623807351602, 14.562361951455575], 3.0], [[14.787089194571971, 14.47562849694678], 3.5], [[17.829903224446223, 15.724720390688404], 4.0], [[15.697399855448852, 15.074106948269172], 4.5], [[15.434069909635662, 15.412432477808965], 5.0], [[14.85695584306239, 14.471258067252574], 5.5], [[15.722109014968094, 14.699572331045193], 6.0], [[15.782093789198592, 14.680652565541491], 6.5], [[14.973181000095941, 14.703808103246013], 7.0], [[15.830571402458107, 14.748435843041264], 7.5], [[15.764335048746528, 14.686637618476148], 8.0], [[15.764335048746528, 14.686637618476148], 8.5], [[15.764335048746528, 14.73685392296674], 9.0], [[15.764335048746528, 14.686637618476148], 9.5]], "Jaccard Betweenness": [[[0.0, 0.0], 0.1], [[0.0, 0.0], 0.5], [[0.0, 0.0], 1.0], [[0.0, 0.0], 1.5], [[100.0, 100.0], 10.0], [[0.0, 33.33333333333333], 2.0], [[0.0, 0.0], 2.5], [[33.33333333333333, 0.0], 3.0], [[0.0, 33.33333333333333], 3.5], [[0.0, 33.33333333333333], 4.0], [[0.0, 33.33333333333333], 4.5], [[0.0, 100.0], 5.0], [[100.0, 100.0], 5.5], [[0.0, 100.0], 6.0], [[100.0, 100.0], 6.5], [[100.0, 100.0], 7.0], [[100.0, 100.0], 7.5], [[100.0, 100.0], 8.0], [[100.0, 100.0], 8.5], [[100.0, 100.0], 9.0], [[100.0, 100.0], 9.5]], "Jaccard Closeness": [[[0.0, 0.0], 0.1], [[0.0, 0.0], 0.5], [[0.0, 0.0], 1.0], [[0.0, 33.33333333333333], 1.5], [[100.0, 100.0], 10.0], [[0.0, 100.0], 2.0], [[0.0, 0.0], 2.5], [[0.0, 100.0], 3.0], [[33.33333333333333, 100.0], 3.5], [[0.0, 100.0], 4.0], [[0.0, 100.0], 4.5], [[0.0, 100.0], 5.0], [[33.33333333333333, 100.0], 5.5], [[0.0, 100.0], 6.0], [[33.33333333333333, 100.0], 6.5], [[100.0, 100.0], 7.0], [[33.33333333333333, 100.0], 7.5], [[100.0, 100.0], 8.0], [[100.0, 100.0], 8.5], [[100.0, 100.0], 9.0], [[100.0, 100.0], 9.5]], "Jaccard Degree": [[[0.0, 0.0], 0.1], [[0.0, 0.0], 0.5], [[33.33333333333333, 0.0], 1.0], [[33.33333333333333, 0.0], 1.5], [[100.0, 100.0], 10.0], [[0.0, 100.0], 2.0], [[33.33333333333333, 0.0], 2.5], [[0.0, 33.33333333333333], 3.0], [[100.0, 100.0], 3.5], [[100.0, 100.0], 4.0], [[100.0, 100.0], 4.5], [[100.0, 100.0], 5.0], [[100.0, 100.0], 5.5], [[100.0, 100.0], 6.0], [[100.0, 100.0], 6.5], [[100.0, 100.0], 7.0], [[100.0, 100.0], 7.5], [[100.0, 100.0], 8.0], [[100.0, 100.0], 8.5], [[100.0, 100.0], 9.0], [[100.0, 100.0], 9.5]], "Densities": [[[[0.15912518853695323, 0.15384615384615385], [0.23001508295625941, 0.21644042232277527]], 0.1], [[[0.15912518853695323, 0.15987933634992457], [0.23001508295625941, 0.2239819004524887]], 0.5], [[[0.15912518853695323, 0.1726998491704374], [0.23001508295625941, 0.23755656108597284]], 1.0], [[[0.15912518853695323, 0.16666666666666666], [0.23001508295625941, 0.2398190045248869]], 1.5], [[[0.15912518853695323, 0.15912518853695323], [0.23001508295625941, 0.23001508295625941]], 10.0], [[[0.15912518853695323, 0.15912518853695323], [0.23001508295625941, 0.24434389140271492]], 2.0], [[[0.15912518853695323, 0.16138763197586728], [0.23001508295625941, 0.23453996983408748]], 2.5], [[[0.15912518853695323, 0.14479638009049775], [0.23001508295625941, 0.23001508295625941]], 3.0], [[[0.15912518853695323, 0.16666666666666666], [0.23001508295625941, 0.23378582202111614]], 3.5], [[[0.15912518853695323, 0.16138763197586728], [0.23001508295625941, 0.22624434389140272]], 4.0], [[[0.15912518853695323, 0.16289592760180996], [0.23001508295625941, 0.22624434389140272]], 4.5], [[[0.15912518853695323, 0.1568627450980392], [0.23001508295625941, 0.22850678733031674]], 5.0], [[[0.15912518853695323, 0.15987933634992457], [0.23001508295625941, 0.22699849170437406]], 5.5], [[[0.15912518853695323, 0.16138763197586728], [0.23001508295625941, 0.23001508295625941]], 6.0], [[[0.15912518853695323, 0.15987933634992457], [0.23001508295625941, 0.23076923076923078]], 6.5], [[[0.15912518853695323, 0.1583710407239819], [0.23001508295625941, 0.23001508295625941]], 7.0], [[[0.15912518853695323, 0.15912518853695323], [0.23001508295625941, 0.22926093514328807]], 7.5], [[[0.15912518853695323, 0.15912518853695323], [0.23001508295625941, 0.23001508295625941]], 8.0], [[[0.15912518853695323, 0.15912518853695323], [0.23001508295625941, 0.23001508295625941]], 8.5], [[[0.15912518853695323, 0.15912518853695323], [0.23001508295625941, 0.22926093514328807]], 9.0], [[[0.15912518853695323, 0.15912518853695323], [0.23001508295625941, 0.23001508295625941]], 9.5]],