{"Jaccard": [[[12.162162162162163, 14.506769825918761], 0.1], [[13.404825737265416, 18.972332015810274], 0.5], [[21.21212121212121, 28.8981288981289], 1.0], [[35.0, 39.37360178970917], 1.5], [[100.0, 100.0], 10.0], [[39.735099337748345, 56.07940446650124], 2.0], [[53.985507246376805, 63.829787234042556], 2.5], [[65.84362139917695, 77.32558139534885], 3.0], [[73.49397590361446, 84.13173652694611], 3.5], [[88.88888888888889, 88.47352024922118], 4.0], [[91.4798206278027, 93.29073482428115], 4.5], [[92.20183486238533, 95.4983922829582], 5.0], [[96.74418604651163, 96.11650485436894], 5.5], [[97.67441860465115, 98.69706840390879], 6.0], [[98.59154929577466, 99.0228013029316], 6.5], [[99.52606635071089, 99.34640522875817], 7.0], [[99.05660377358491, 99.672131147541], 7.5], [[100.0, 100.0], 8.0], [[100.0, 100.0], 8.5], [[100.0, 99.672131147541], 9.0], [[100.0, 100.0], 9.5]], "DeltaConnectivity": [[[45.251639876919306, 39.84579501994471], 0.1], [[37.33026596833527, 34.97315981595014], 0.5], [[42.122204794128365, 36.17660100184922], 1.0], [[38.36026867310066, 37.48852853717855], 1.5], [[35.96081717607532, 40.759203661974674], 10.0], [[36.227344925284264, 40.929132886372976], 2.0], [[38.03062951352725, 40.98875222706193], 2.5], [[33.62462014575494, 42.063565570387], 3.0], [[36.61005848760793, 41.36967119882666], 3.5], [[43.174078549347904, 44.348178618042276], 4.0], [[36.87050371222006, 42.252096011914595], 4.5], [[35.64446752757288, 43.05413641357029], 5.0], [[33.69530400927472, 40.20980455122511], 5.5], [[36.228250272581306, 40.837758090321316], 6.0], [[36.33799455666371, 40.837125096891285], 6.5], [[33.75909970445136, 40.89492763048499], 7.0], [[36.29664908386915, 40.92820093251197], 7.5], [[35.96081717607532, 40.759203661974674], 8.0], [[35.96081717607532, 40.759203661974674], 8.5], [[35.96081717607532, 40.89217312860358], 9.0], [[35.96081717607532, 40.759203661974674], 9.5]], "Betweeness": [[[0.0, 0.0], 0.1], [[25.0, 11.11111111111111], 0.5], [[0.0, 11.11111111111111], 1.0], [[0.0, 25.0], 1.5], [[100.0, 100.0], 10.0], [[11.11111111111111, 66.66666666666666], 2.0], [[25.0, 11.11111111111111], 2.5], [[11.11111111111111, 25.0], 3.0], [[11.11111111111111, 42.857142857142854], 3.5], [[11.11111111111111, 42.857142857142854], 4.0], [[25.0, 66.66666666666666], 4.5], [[11.11111111111111, 66.66666666666666], 5.0], [[25.0, 42.857142857142854], 5.5], [[25.0, 66.66666666666666], 6.0], [[42.857142857142854, 66.66666666666666], 6.5], [[100.0, 66.66666666666666], 7.0], [[100.0, 100.0], 7.5], [[100.0, 100.0], 8.0], [[100.0, 100.0], 8.5], [[100.0, 100.0], 9.0], [[100.0, 100.0], 9.5]], "Closeness": [[[0.0, 0.0], 0.1], [[25.0, 11.11111111111111], 0.5], [[0.0, 25.0], 1.0], [[11.11111111111111, 66.66666666666666], 1.5], [[100.0, 100.0], 10.0], [[25.0, 66.66666666666666], 2.0], [[42.857142857142854, 42.857142857142854], 2.5], [[25.0, 66.66666666666666], 3.0], [[42.857142857142854, 66.66666666666666], 3.5], [[42.857142857142854, 100.0], 4.0], [[25.0, 100.0], 4.5], [[42.857142857142854, 66.66666666666666], 5.0], [[66.66666666666666, 66.66666666666666], 5.5], [[42.857142857142854, 66.66666666666666], 6.0], [[66.66666666666666, 66.66666666666666], 6.5], [[66.66666666666666, 100.0], 7.0], [[100.0, 100.0], 7.5], [[100.0, 100.0], 8.0], [[100.0, 100.0], 8.5], [[100.0, 66.66666666666666], 9.0], [[100.0, 100.0], 9.5]], "Degree": [[[0.0, 0.0], 0.1], [[25.0, 11.11111111111111], 0.5], [[11.11111111111111, 25.0], 1.0], [[25.0, 66.66666666666666], 1.5], [[100.0, 100.0], 10.0], [[42.857142857142854, 100.0], 2.0], [[66.66666666666666, 42.857142857142854], 2.5], [[25.0, 66.66666666666666], 3.0], [[66.66666666666666, 66.66666666666666], 3.5], [[66.66666666666666, 66.66666666666666], 4.0], [[66.66666666666666, 100.0], 4.5], [[66.66666666666666, 66.66666666666666], 5.0], [[100.0, 66.66666666666666], 5.5], [[100.0, 66.66666666666666], 6.0], [[66.66666666666666, 66.66666666666666], 6.5], [[100.0, 100.0], 7.0], [[66.66666666666666, 100.0], 7.5], [[100.0, 100.0], 8.0], [[100.0, 100.0], 8.5], [[100.0, 66.66666666666666], 9.0], [[100.0, 100.0], 9.5]]}