{"Jaccard": [[[0.10381520892810796, 0.4442419409955576, 0.10796221322537111, 0.06357279084551812, 0.0463821892393321, 0.12634238787113075, 0.0], 1.0], [[84.79667282809612, 97.57894736842105, 92.02822791427077, 82.77066356228173, 77.56778964667215, 69.89010989010988, 56.80580762250453], 10.0], [[0.14785608674223755, 1.3772202401503817, 0.29903493271714016, 0.12987012987012986, 0.0, 0.06281407035175879, 0.12106537530266344], 2.0], [[0.5272407732864675, 3.3789882657666497, 0.9329126080395116, 0.395908940943583, 0.28476506881822494, 0.31036623215394166, 0.11641443538998836], 3.0], [[1.5609007164790174, 9.134193710061396, 2.5644560871363575, 1.0110893672537506, 0.9771986970684038, 0.89171974522293, 0.5903187721369539], 4.0], [[3.9301310043668125, 21.08275257303734, 6.67433831990794, 3.0094864245992805, 2.9787234042553195, 1.7067003792667508, 0.4761904761904762], 5.0], [[10.150891632373114, 42.67409169550173, 16.76751592356688, 8.3767813694821, 6.483790523690773, 4.819277108433735, 2.2326674500587544], 6.0], [[22.64840182648402, 66.05180037902716, 35.86996675286295, 18.58108108108108, 14.58225220550078, 11.20507399577167, 6.227106227106227], 7.0], [[45.975344452501815, 84.68892794376099, 60.478781284004356, 38.489208633093526, 30.006086427267192, 24.14068745003997, 15.290933694181327], 8.0], [[69.60742929506121, 93.60023593600236, 80.35062089116143, 64.5656779661017, 55.12820512820513, 48.180076628352495, 30.32069970845481], 9.0]], "DeltaConnectivity": [[[6.290012232993401, 3.796627186921877, 4.873533930032532, 6.392471824120349, 7.173826651446126, 8.31758884600088, 9.989389847383192], 1.0], [[31.490326531508945, 47.81741099024474, 36.260178061345144, 39.1698045829863, 34.145507676376106, 35.697721191106844, 26.027835362975583], 10.0], [[6.016124088770496, 3.8892147709412748, 5.081043872217491, 6.163012427465929, 7.090630591488052, 7.792396175374984, 9.749758697427152], 2.0], [[5.578813786761925, 4.421310551962822, 5.28410499229898, 6.59708571368954, 7.324049358108259, 7.6957999948272375, 8.795464314949717], 3.0], [[5.923708911640323, 6.287855782195592, 5.109314881786151, 7.151627861684079, 7.556401769095092, 7.866606778634187, 9.527266645899186], 4.0], [[7.101778283883746, 8.08056557316563, 6.055472584816928, 7.397309660094847, 7.592825532281129, 8.249058115444685, 8.938206135135433], 5.0], [[8.91606838722847, 12.177085156305724, 8.952941239074539, 10.267452439135267, 10.399536902970297, 9.88504940074888, 9.454152088528687], 6.0], [[11.654339723630873, 17.342855648245965, 12.824837577938396, 13.597747847532709, 13.690784061085012, 13.384450783784313, 10.893176588366348], 7.0], [[16.31511751999941, 25.675082483636253, 18.07404946536009, 20.438019679662748, 16.542132747494566, 18.265594804079385, 15.318627803206775], 8.0], [[23.45858216631881, 35.80797191868134, 25.247377577393483, 28.703477518434944, 23.951909381856094, 25.843918313616694, 18.58368723022183], 9.0]], "Jaccard Betweenness": [[[8.0, 4.41988950276243, 7.0821529745042495, 7.6923076923076925, 6.179775280898876, 5.88235294117647, 40.0], 1.0], [[80.86124401913875, 95.85492227979275, 85.29411764705883, 79.14691943127961, 82.6086956521739, 77.46478873239437, 87.12871287128714], 10.0], [[3.8461538461538463, 8.0, 7.0821529745042495, 5.88235294117647, 4.7091412742382275, 7.386363636363637, 40.0], 2.0], [[5.88235294117647, 20.0, 6.179775280898876, 3.8461538461538463, 5.88235294117647, 5.58659217877095, 40.520446096654275], 3.0], [[7.386363636363637, 42.64150943396226, 9.565217391304348, 7.386363636363637, 5.88235294117647, 6.779661016949152, 41.04477611940299], 4.0], [[13.513513513513514, 62.231759656652365, 19.242902208201894, 13.855421686746988, 13.855421686746988, 6.779661016949152, 41.04477611940299], 5.0], [[26.421404682274247, 71.04072398190046, 42.10526315789473, 24.752475247524753, 18.867924528301888, 13.855421686746988, 41.57303370786517], 6.0], [[34.519572953736656, 77.46478873239437, 56.19834710743802, 38.46153846153847, 29.896907216494846, 20.0, 45.38461538461539], 7.0], [[54.285714285714285, 78.30188679245283, 70.27027027027027, 56.84647302904564, 50.0, 30.344827586206897, 52.41935483870967], 8.0], [[60.851063829787236, 89.9497487437186, 78.30188679245283, 66.51982378854625, 71.81818181818181, 49.40711462450593, 68.75], 9.0]], "Jaccard Closeness": [[[3.8461538461538463, 5.0, 6.779661016949152, 7.386363636363637, 3.8461538461538463, 4.132231404958678, 5.58659217877095], 1.0], [[93.84615384615384, 94.84536082474226, 89.9497487437186, 89.0, 85.29411764705883, 72.6027397260274, 64.34782608695652], 10.0], [[5.2924791086350975, 9.883720930232558, 5.0, 5.2924791086350975, 5.0, 4.7091412742382275, 6.478873239436619], 2.0], [[5.88235294117647, 14.545454545454545, 5.2924791086350975, 5.58659217877095, 6.478873239436619, 5.88235294117647, 6.779661016949152], 3.0], [[7.386363636363637, 40.0, 8.0, 7.0821529745042495, 5.58659217877095, 5.0, 5.88235294117647], 4.0], [[12.166172106824925, 60.851063829787236, 14.893617021276595, 12.835820895522387, 7.6923076923076925, 6.779661016949152, 6.478873239436619], 5.0], [[25.581395348837212, 71.04072398190046, 40.0, 19.242902208201894, 15.59633027522936, 11.504424778761061, 5.88235294117647], 6.0], [[48.23529411764706, 81.73076923076923, 56.84647302904564, 38.46153846153847, 34.04255319148936, 18.867924528301888, 13.513513513513514], 7.0], [[65.06550218340611, 88.05970149253731, 71.04072398190046, 52.41935483870967, 51.80722891566265, 38.46153846153847, 20.766773162939298], 8.0], [[83.49514563106796, 94.84536082474226, 84.39024390243902, 74.19354838709677, 69.50672645739911, 60.16949152542372, 35.97122302158273], 9.0]], "Jaccard Degree": [[[8.620689655172415, 7.386363636363637, 5.88235294117647, 9.248554913294797, 5.88235294117647, 6.478873239436619, 8.93371757925072], 1.0], [[93.84615384615384, 98.94736842105263, 91.87817258883248, 86.20689655172413, 86.20689655172413, 80.0, 60.16949152542372], 10.0], [[10.526315789473683, 8.30945558739255, 8.30945558739255, 4.7091412742382275, 5.2924791086350975, 4.132231404958678, 6.478873239436619], 2.0], [[9.883720930232558, 22.727272727272727, 8.30945558739255, 5.58659217877095, 6.779661016949152, 6.779661016949152, 7.0821529745042495], 3.0], [[15.59633027522936, 50.0, 11.176470588235295, 7.6923076923076925, 6.179775280898876, 6.779661016949152, 6.179775280898876], 4.0], [[23.934426229508198, 73.39449541284404, 27.27272727272727, 18.125, 10.204081632653061, 8.30945558739255, 6.478873239436619], 5.0], [[38.970588235294116, 87.12871287128714, 48.818897637795274, 26.0, 15.59633027522936, 15.59633027522936, 7.0821529745042495], 6.0], [[58.15899581589959, 89.0, 64.34782608695652, 41.57303370786517, 29.45205479452055, 27.27272727272727, 14.545454545454545], 7.0], [[82.6086956521739, 93.84615384615384, 82.6086956521739, 69.50672645739911, 56.19834710743802, 36.95652173913043, 21.153846153846153], 8.0], [[87.12871287128714, 96.875, 88.05970149253731, 79.14691943127961, 77.46478873239437, 58.15899581589959, 40.0], 9.0]],