{"Jaccard": [[[5.555555555555555, 6.684733514001806, 13.217703349282298, 5.012126111560226], 1.0], [[100.0, 99.65337954939342, 99.94594594594595, 99.05511811023622], 10.0], [[5.072463768115942, 11.397058823529411, 24.924824590711662, 10.512820512820513], 2.0], [[6.8181818181818175, 23.829787234042556, 47.12643678160919, 23.512747875354105], 3.0], [[10.852713178294573, 43.71108343711084, 71.97978870004593, 45.74095682613769], 4.0], [[18.26086956521739, 68.68829337094499, 86.91073219658976, 70.70572569906791], 5.0], [[40.4040404040404, 86.00953895071542, 94.19152276295134, 84.1874084919473], 6.0], [[63.52941176470588, 92.03980099502488, 98.44836811128947, 93.54838709677419], 7.0], [[78.57142857142857, 97.26962457337885, 99.03381642512076, 98.12206572769952], 8.0], [[91.78082191780823, 98.44827586206897, 99.46091644204851, 98.8976377952756], 9.0]], "DeltaConnectivity": [[[20.308049079871118, 12.66511940441299, 11.78301209669734, 12.260382349183164], 1.0], [[100.0, 82.81046279143992, 91.48407556217305, 77.155876288298], 10.0], [[19.259972949512438, 13.564359142037857, 14.049017772333961, 13.107725989411534], 2.0], [[19.97830510013597, 16.237261642375877, 20.01868259360073, 18.20605462979254], 3.0], [[22.72167939283348, 19.99491681422815, 29.23613692774157, 24.365515544636732], 4.0], [[24.821129771961996, 28.137850335640056, 39.044530426638566, 34.73984688526654], 5.0], [[30.979275474610933, 39.53406284995785, 49.549168573173944, 44.70989962976117], 6.0], [[40.596295243566274, 47.34881920704231, 66.5688986138255, 56.471391586986954], 7.0], [[48.14263119848039, 61.5284359335503, 70.65991985735423, 71.80942450854866], 8.0], [[63.65264868189999, 68.55678483902297, 76.73832866022916, 77.10941170930556], 9.0]], "Jaccard Betweenness": [[[11.11111111111111, 7.142857142857142, 11.11111111111111, 0.0], 1.0], [[100.0, 87.5, 100.0, 87.5], 10.0], [[7.142857142857142, 11.11111111111111, 25.0, 7.142857142857142], 2.0], [[15.384615384615385, 20.0, 30.434782608695656, 30.434782608695656], 3.0], [[20.0, 36.36363636363637, 50.0, 36.36363636363637], 4.0], [[25.0, 66.66666666666666, 42.857142857142854, 57.89473684210527], 5.0], [[50.0, 87.5, 66.66666666666666, 66.66666666666666], 6.0], [[50.0, 87.5, 76.47058823529412, 76.47058823529412], 7.0], [[66.66666666666666, 76.47058823529412, 87.5, 100.0], 8.0], [[100.0, 87.5, 87.5, 100.0], 9.0]], "Jaccard Closeness": [[[15.384615384615385, 11.11111111111111, 7.142857142857142, 3.4482758620689653], 1.0], [[100.0, 87.5, 100.0, 87.5], 10.0], [[3.4482758620689653, 15.384615384615385, 15.384615384615385, 3.4482758620689653], 2.0], [[3.4482758620689653, 36.36363636363637, 50.0, 20.0], 3.0], [[11.11111111111111, 20.0, 57.89473684210527, 42.857142857142854], 4.0], [[25.0, 50.0, 50.0, 50.0], 5.0], [[36.36363636363637, 57.89473684210527, 66.66666666666666, 87.5], 6.0], [[66.66666666666666, 66.66666666666666, 66.66666666666666, 87.5], 7.0], [[76.47058823529412, 87.5, 76.47058823529412, 87.5], 8.0], [[100.0, 76.47058823529412, 100.0, 100.0], 9.0]], "Jaccard Degree": [[[36.36363636363637, 7.142857142857142, 20.0, 11.11111111111111], 1.0], [[100.0, 100.0, 100.0, 100.0], 10.0], [[25.0, 30.434782608695656, 50.0, 36.36363636363637], 2.0], [[36.36363636363637, 36.36363636363637, 50.0, 50.0], 3.0], [[36.36363636363637, 76.47058823529412, 66.66666666666666, 66.66666666666666], 4.0], [[66.66666666666666, 76.47058823529412, 76.47058823529412, 76.47058823529412], 5.0], [[66.66666666666666, 87.5, 87.5, 76.47058823529412], 6.0], [[87.5, 76.47058823529412, 87.5, 87.5], 7.0], [[87.5, 87.5, 100.0, 100.0], 8.0], [[100.0, 87.5, 100.0, 100.0], 9.0]], "Densities": [[[[0.0030905077262693157, 0.002781456953642384], [0.025474613686534215, 0.02666666666666667], [0.08167770419426049, 0.08547461368653422], [0.027902869757174393, 0.02944812362030905]], 1.0], [[[0.0030905077262693157, 0.0030905077262693157], [0.025474613686534215, 0.025386313465783666], [0.08167770419426049, 0.08163355408388522], [0.027902869757174393, 0.027902869757174393]], 10.0], [[[0.0030905077262693157, 0.0033112582781456954], [0.025474613686534215, 0.02803532008830022], [0.08167770419426049, 0.08339955849889624], [0.027902869757174393, 0.029183222958057396]], 2.0], [[[0.0030905077262693157, 0.0031346578366445916], [0.025474613686534215, 0.025916114790286975], [0.08167770419426049, 0.0822075055187638], [0.027902869757174393, 0.029845474613686536]], 3.0], [[[0.0030905077262693157, 0.0032229580573951435], [0.025474613686534215, 0.025474613686534215], [0.08167770419426049, 0.08362030905077263], [0.027902869757174393, 0.027240618101545253]], 4.0], [[[0.0030905077262693157, 0.002913907284768212], [0.025474613686534215, 0.027328918322295805], [0.08167770419426049, 0.08286975717439293], [0.027902869757174393, 0.02869757174392936]], 5.0], [[[0.0030905077262693157, 0.0030463576158940397], [0.025474613686534215, 0.02618101545253863], [0.08167770419426049, 0.08216335540838852], [0.027902869757174393, 0.027637969094922738]], 6.0], [[[0.0030905077262693157, 0.0030463576158940397], [0.025474613686534215, 0.02565121412803532], [0.08167770419426049, 0.08207505518763797], [0.027902869757174393, 0.02772626931567329]], 7.0], [[[0.0030905077262693157, 0.003532008830022075], [0.025474613686534215, 0.025562913907284768], [0.08167770419426049, 0.0820309050772627], [0.027902869757174393, 0.027991169977924946]], 8.0], [[[0.0030905077262693157, 0.0030905077262693157], [0.025474613686534215, 0.025342163355408388], [0.08167770419426049, 0.08167770419426049], [0.027902869757174393, 0.02785871964679912]], 9.0]]}