{"Jaccard": [[[0.6853536474126667], 1.0], [[98.40695856137607], 10.0], [[2.1629905039441293], 2.0], [[5.280323031526635], 3.0], [[13.365414035770911], 4.0], [[29.728257386400053], 5.0], [[53.44079121210977], 6.0], [[75.7837464375162], 7.0], [[89.56221090501332], 8.0], [[95.71187665622742], 9.0]], "DeltaConnectivity": [[[3.562512516408014], 1.0], [[50.60792050033947], 10.0], [[3.9070230788952767], 2.0], [[4.426179513418271], 3.0], [[6.239455948004931], 4.0], [[8.778785659830277], 5.0], [[12.91020621286151], 6.0], [[19.110801524216196], 7.0], [[27.919120625897186], 8.0], [[38.242780357289405], 9.0]], "Jaccard Betweenness": [[[6.779661016949152], 1.0], [[94.84536082474226], 10.0], [[11.834319526627219], 2.0], [[30.79584775086505], 3.0], [[54.285714285714285], 4.0], [[63.63636363636363], 5.0], [[71.81818181818181], 6.0], [[77.46478873239437], 7.0], [[80.0], 8.0], [[90.9090909090909], 9.0]], "Jaccard Closeness": [[[6.478873239436619], 1.0], [[96.875], 10.0], [[11.176470588235295], 2.0], [[23.12703583061889], 3.0], [[50.59760956175299], 4.0], [[71.04072398190046], 5.0], [[80.0], 6.0], [[90.9090909090909], 7.0], [[89.9497487437186], 8.0], [[93.84615384615384], 9.0]], "Jaccard Degree": [[[9.248554913294797], 1.0], [[97.90575916230367], 10.0], [[14.893617021276595], 2.0], [[31.25], 3.0], [[62.93103448275862], 4.0], [[75.81395348837209], 5.0], [[86.20689655172413], 6.0], [[94.84536082474226], 7.0], [[95.85492227979275], 8.0], [[97.90575916230367], 9.0]], "Densities": [[[[0.005631048674611617, 0.0057001327857654546]], 1.0], [[[0.005631048674611617, 0.0056338231369069515]], 10.0], [[[0.005631048674611617, 0.005651857141826628]], 2.0], [[[0.005631048674611617, 0.005653799265433363]], 3.0], [[[0.005631048674611617, 0.005676549856255109]], 4.0], [[[0.005631048674611617, 0.005600807035592467]], 5.0], [[[0.005631048674611617, 0.005646585663465492]], 6.0], [[[0.005631048674611617, 0.005663232437237501]], 7.0], [[[0.005631048674611617, 0.005625499750020947]], 8.0], [[[0.005631048674611617, 0.005638817169038555]], 9.0]]}