{"Jaccard": [[[11.01511879049676, 17.829457364341085], 2.0]], "DeltaConnectivity": [[[12.928921197093631, 13.280661865871018], 2.0]], "Jaccard Betweenness": [[[0.0, 0.0], 2.0]], "Jaccard Closeness": [[[0.0, 0.0], 2.0]], "Jaccard Degree": [[[33.33333333333333, 0.0], 2.0]], "Densities": [[[[0.15912518853695323, 0.22850678733031674], [0.23001508295625941, 0.22850678733031674]], 2.0]], "Degrees": [[[[[8.115384615384615, 8.0], [11.653846153846153, 12.0]], [[11.73076923076923, 11.5], [11.653846153846153, 12.0]]], 2.0]]}