{"Jaccard": [[[10.92896174863388, 15.700934579439252], 0.1], [[100.0, 99.672131147541], 10.0], [[36.39344262295082, 53.80710659898477], 2.0], [[83.70044052863436, 86.687306501548], 4.0], [[98.12206572769952, 98.7012987012987], 6.0], [[100.0, 100.0], 8.0]], "DeltaConnectivity": [[[14.439885400496602, 10.24037538576723], 0.1], [[15.764335048746533, 14.746369741162235], 10.0], [[15.392141111499166, 14.146271967586182], 2.0], [[17.022191856829878, 14.20342977573918], 4.0], [[15.911581355597306, 15.138068556489264], 6.0], [[15.764335048746533, 14.686637618476144], 8.0]], "Jaccard Betweenness": [[[0.0, 0.0], 0.1], [[100.0, 100.0], 10.0], [[0.0, 33.33333333333333], 2.0], [[0.0, 33.33333333333333], 4.0], [[33.33333333333333, 100.0], 6.0], [[100.0, 100.0], 8.0]], "Jaccard Closeness": [[[0.0, 0.0], 0.1], [[100.0, 100.0], 10.0], [[0.0, 100.0], 2.0], [[0.0, 33.33333333333333], 4.0], [[0.0, 100.0], 6.0], [[100.0, 100.0], 8.0]], "Jaccard Degree": [[[0.0, 0.0], 0.1], [[100.0, 100.0], 10.0], [[0.0, 100.0], 2.0], [[100.0, 100.0], 4.0], [[100.0, 100.0], 6.0], [[100.0, 100.0], 8.0]], "Densities": [[[[0.15912518853695323, 0.14705882352941177], [0.23001508295625941, 0.2368024132730015]], 0.1], [[[0.15912518853695323, 0.15912518853695323], [0.23001508295625941, 0.22926093514328807]], 10.0], [[[0.15912518853695323, 0.1546003016591252], [0.23001508295625941, 0.22699849170437406]], 2.0], [[[0.15912518853695323, 0.15535444947209653], [0.23001508295625941, 0.22473604826546004]], 4.0], [[[0.15912518853695323, 0.15912518853695323], [0.23001508295625941, 0.23152337858220212]], 6.0], [[[0.15912518853695323, 0.15912518853695323], [0.23001508295625941, 0.23001508295625941]], 8.0]], "Degrees": [[[[[8.115384615384615, 8.0], [7.5, 7.0]], [[11.73076923076923, 11.5], [12.076923076923077, 13.0]]], 0.1], [[[[8.115384615384615, 8.0], [8.115384615384615, 8.0]], [[11.73076923076923, 11.5], [11.692307692307692, 11.5]]], 10.0], [[[[8.115384615384615, 8.0], [7.884615384615385, 7.0]], [[11.73076923076923, 11.5], [11.576923076923077, 10.5]]], 2.0], [[[[8.115384615384615, 8.0], [7.923076923076923, 7.5]], [[11.73076923076923, 11.5], [11.461538461538462, 12.5]]], 4.0], [[[[8.115384615384615, 8.0], [8.115384615384615, 7.5]], [[11.73076923076923, 11.5], [11.807692307692308, 12.0]]], 6.0], [[[[8.115384615384615, 8.0], [8.115384615384615, 8.0]], [[11.73076923076923, 11.5], [11.73076923076923, 11.5]]], 8.0]]}