{"Jaccard": [[[0.07809449433814916, 0.01459321415541773, 0.0, 0.0, 0.0, 0.07385524372230429, 0.1002004008016032], 3.0], [[0.0, 0.0, 0.0, 0.0, 0.0, 0.0, 0.0], 6.0], [[0.0, 0.0, 0.0, 0.0, 0.0, 0.0, 0.0], 7.0], [[0.0, 0.03590449404583807, 0.09639217846323327, 0.0, 0.0, 0.0, 0.0], 2.0], [[0.0, 0.0, 0.0, 0.0, 0.0, 0.0, 0.0], 5.0], [[0.0, 0.0, 0.0, 0.0, 0.0, 0.0, 0.0], 4.0]], "DeltaConnectivity": [[[11.057755379255461, 9.346633915705716, 10.520414489209152, 12.647941941622026, 12.201548945330511, 13.806138852027477, 12.493740005719777], 3.0], [[14.384395383290482, 11.259496718594491, 13.17135051985074, 18.075196063232912, 18.052234062613515, 19.44640523822135, 18.363917473139534], 6.0], [[15.338728058991308, 11.679717007568863, 13.641395644632889, 20.213782018474806, 19.416293937224975, 22.260699863900438, 20.631177186768916], 7.0], [[11.082386048194302, 6.889325091300356, 6.813726419644356, 11.994143425018635, 11.813125979587872, 12.350185689220385, 12.073541746370205], 2.0], [[13.190238307862348, 10.67650137913381, 12.077117449389064, 15.799477942966645, 15.42251600583056, 16.646131897519496, 15.978776996681168], 5.0], [[14.468192190024817, 11.150007489880537, 13.025073575313911, 17.602402947369473, 17.08353733942416, 18.852346531761857, 17.867176202143366], 4.0]], "Jaccard Betweenness": [[[3.296703296703297, 3.296703296703297, 4.444444444444445, 5.617977528089887, 5.617977528089887, 5.027932960893855, 6.214689265536723], 3.0], [[13.253012048192772, 5.617977528089887, 5.027932960893855, 5.617977528089887, 5.617977528089887, 5.617977528089887, 5.617977528089887], 6.0], [[13.253012048192772, 5.617977528089887, 5.027932960893855, 5.617977528089887, 5.617977528089887, 5.617977528089887, 5.617977528089887], 7.0], [[13.253012048192772, 0.0, 3.867403314917127, 6.8181818181818175, 5.617977528089887, 6.214689265536723, 5.027932960893855], 2.0], [[13.253012048192772, 5.617977528089887, 5.027932960893855, 5.617977528089887, 5.617977528089887, 5.617977528089887, 5.617977528089887], 5.0], [[13.253012048192772, 5.617977528089887, 5.027932960893855, 5.617977528089887, 5.617977528089887, 5.617977528089887, 5.617977528089887], 4.0]], "Jaccard Closeness": [[[2.73224043715847, 0.53475935828877, 2.73224043715847, 1.6216216216216217, 3.296703296703297, 2.1739130434782608, 4.444444444444445], 3.0], [[12.574850299401197, 4.444444444444445, 6.8181818181818175, 6.8181818181818175, 4.444444444444445, 3.867403314917127, 4.444444444444445], 6.0], [[13.939393939393941, 4.444444444444445, 6.8181818181818175, 6.8181818181818175, 4.444444444444445, 3.867403314917127, 3.867403314917127], 7.0], [[1.6216216216216217, 1.0752688172043012, 3.296703296703297, 1.0752688172043012, 2.1739130434782608, 2.1739130434782608, 2.1739130434782608], 2.0], [[5.027932960893855, 3.867403314917127, 5.027932960893855, 5.617977528089887, 4.444444444444445, 5.027932960893855, 5.027932960893855], 5.0], [[11.242603550295858, 3.296703296703297, 6.214689265536723, 6.8181818181818175, 3.867403314917127, 4.444444444444445, 3.296703296703297], 4.0]], "Jaccard Degree": [[[4.444444444444445, 3.867403314917127, 3.296703296703297, 7.428571428571429, 4.444444444444445, 3.867403314917127, 3.296703296703297], 3.0], [[9.941520467836257, 6.214689265536723, 5.617977528089887, 6.214689265536723, 7.428571428571429, 5.027932960893855, 5.617977528089887], 6.0], [[16.77018633540373, 6.214689265536723, 5.027932960893855, 6.8181818181818175, 6.8181818181818175, 6.214689265536723, 4.444444444444445], 7.0], [[6.214689265536723, 2.1739130434782608, 2.1739130434782608, 1.0752688172043012, 3.867403314917127, 1.6216216216216217, 1.0752688172043012], 2.0], [[2.1739130434782608, 3.296703296703297, 3.867403314917127, 3.867403314917127, 3.296703296703297, 3.296703296703297, 3.867403314917127], 5.0], [[7.428571428571429, 3.296703296703297, 4.444444444444445, 6.214689265536723, 5.027932960893855, 6.214689265536723, 5.027932960893855], 4.0]], "Densities": [[[[0.0005529503354602362, 0.0001581443508340866], [0.003644811117381396, 0.0001581443508340866], [0.0010234991407490272, 0.0001581443508340866], [0.0004344807954494379, 0.0001581443508340866], [0.0002993644816666306, 0.0001581443508340866], [0.00021779529018378592, 0.0001581443508340866], [0.00011902443246986518, 0.0001581443508340866]], 3.0], [[[0.0005529503354602362, 6.658709508803647e-06], [0.003644811117381396, 6.658709508803647e-06], [0.0010234991407490272, 6.658709508803647e-06], [0.0004344807954494379, 6.658709508803647e-06], [0.0002993644816666306, 6.658709508803647e-06], [0.00021779529018378592, 6.658709508803647e-06], [0.00011902443246986518, 6.658709508803647e-06]], 6.0], [[[0.0005529503354602362, 3.884247213468794e-06], [0.003644811117381396, 3.884247213468794e-06], [0.0010234991407490272, 3.884247213468794e-06], [0.0004344807954494379, 3.884247213468794e-06], [0.0002993644816666306, 3.884247213468794e-06], [0.00021779529018378592, 3.884247213468794e-06], [0.00011902443246986518, 3.884247213468794e-06]], 7.0], [[[0.0005529503354602362, 8.65632236144474e-05], [0.003644811117381396, 0.0009932575017298773], [0.0010234991407490272, 0.0009932575017298773], [0.0004344807954494379, 8.65632236144474e-05], [0.0002993644816666306, 8.65632236144474e-05], [0.00021779529018378592, 8.65632236144474e-05], [0.00011902443246986518, 8.65632236144474e-05]], 2.0], [[[0.0005529503354602362, 1.6646773772009116e-05], [0.003644811117381396, 1.6646773772009116e-05], [0.0010234991407490272, 1.6646773772009116e-05], [0.0004344807954494379, 1.6646773772009116e-05], [0.0002993644816666306, 1.6646773772009116e-05], [0.00021779529018378592, 1.6646773772009116e-05], [0.00011902443246986518, 1.6646773772009116e-05]], 5.0], [[[0.0005529503354602362, 7.768494426937588e-06], [0.003644811117381396, 7.768494426937588e-06], [0.0010234991407490272, 7.768494426937588e-06], [0.0004344807954494379, 7.768494426937588e-06], [0.0002993644816666306, 7.768494426937588e-06], [0.00021779529018378592, 7.768494426937588e-06], [0.00011902443246986518, 7.768494426937588e-06]], 4.0]],