{"Jaccard": [[[100.0, 100.0, 100.0, 100.0, 100.0, 100.0, 100.0], 20.0], [[86.1344537815126, 97.62263015347578, 91.8961038961039, 83.39181286549707, 74.29264349232014, 71.61572052401746, 56.83453237410072], 10.0], [[10.228839261097326, 41.947989016314004, 17.882576357018515, 8.053221288515406, 6.039255158530448, 5.088062622309197, 2.3485784919653896], 6.0], [[0.22438294689603588, 1.3743051266213713, 0.39928404240671894, 0.0, 0.0, 0.06472491909385113, 0.0], 2.0], [[0.05030181086519115, 0.2515435627715527, 0.05411255411255411, 0.03197953309881676, 0.0449438202247191, 0.0, 0.0], 0.1], [[45.72163055453544, 84.7151720248167, 60.750927745033835, 39.48876156897312, 32.44228432563791, 23.034154090548054, 15.047879616963064], 8.0], [[1.4091724314629772, 9.416577142384927, 2.3497959757985085, 1.0543657331136738, 0.7940214852872489, 0.25, 0.34843205574912894], 4.0]], "DeltaConnectivity": [[[100.0, 100.0, 100.0, 100.0, 100.0, 100.0, 100.0], 20.0], [[33.421658309324535, 48.09580487008866, 36.56285523891445, 40.037727372628645, 32.186104502863934, 36.00596795606863, 25.53745919382501], 10.0], [[8.630965784988613, 11.69995340336842, 8.814909558043144, 10.532523227503649, 9.37400709999422, 8.357682870865027, 9.8473703570443], 6.0], [[5.807915805097961, 3.9901783093089054, 5.313298308859601, 6.775821218244673, 7.392029517280601, 8.000791202784546, 9.50815010923459], 2.0], [[6.126573477990294, 3.9598029446710448, 5.066359812313452, 6.745937854363625, 6.974946603435095, 8.454168369575877, 9.591462616661], 0.1], [[16.62525404680482, 25.841209057181352, 17.118336082576857, 20.580507261345467, 17.69260260331893, 17.207087494791107, 13.892777181369533], 8.0], [[6.889133791841455, 6.025004760330066, 5.3854828105877806, 6.892973710626175, 7.605031961737965, 7.774726983461168, 10.01706253691377], 4.0]], "Jaccard Betweenness": [[[100.0, 100.0, 100.0, 100.0, 100.0, 100.0, 100.0], 20.0], [[89.8989898989899, 95.83333333333334, 91.83673469387756, 88.0, 77.35849056603774, 79.04761904761905, 70.9090909090909], 10.0], [[22.875816993464053, 72.47706422018348, 48.031496062992126, 22.07792207792208, 20.51282051282051, 15.337423312883436, 10.588235294117647], 6.0], [[2.1739130434782608, 8.670520231213873, 1.0752688172043012, 3.296703296703297, 3.296703296703297, 3.296703296703297, 5.617977528089887], 2.0], [[3.296703296703297, 3.296703296703297, 2.73224043715847, 2.1739130434782608, 1.6216216216216217, 2.73224043715847, 5.027932960893855], 0.1], [[60.68376068376068, 84.31372549019608, 72.47706422018348, 54.09836065573771, 48.031496062992126, 49.2063492063492, 25.333333333333336], 8.0], [[3.867403314917127, 42.42424242424242, 5.617977528089887, 3.867403314917127, 2.73224043715847, 2.1739130434782608, 7.428571428571429], 4.0]], "Jaccard Closeness": [[[100.0, 100.0, 100.0, 100.0, 100.0, 100.0, 100.0], 20.0], [[80.76923076923077, 95.83333333333334, 86.13861386138613, 72.47706422018348, 75.70093457943925, 74.07407407407408, 67.85714285714286], 10.0], [[19.745222929936308, 70.9090909090909, 32.3943661971831, 15.337423312883436, 16.77018633540373, 6.8181818181818175, 5.617977528089887], 6.0], [[5.027932960893855, 6.8181818181818175, 3.296703296703297, 1.6216216216216217, 1.0752688172043012, 4.444444444444445, 1.0752688172043012], 2.0], [[1.6216216216216217, 3.867403314917127, 5.027932960893855, 3.867403314917127, 3.296703296703297, 2.73224043715847, 3.296703296703297], 0.1], [[56.666666666666664, 84.31372549019608, 62.06896551724138, 48.031496062992126, 46.875, 33.33333333333333, 20.51282051282051], 8.0], [[3.296703296703297, 39.25925925925926, 3.867403314917127, 1.6216216216216217, 1.6216216216216217, 0.53475935828877, 4.444444444444445], 4.0]], "Jaccard Degree": [[[100.0, 100.0, 100.0, 100.0, 100.0, 100.0, 100.0], 20.0], [[93.81443298969072, 97.89473684210527, 93.81443298969072, 86.13861386138613, 80.76923076923077, 72.47706422018348, 72.47706422018348], 10.0], [[46.875, 79.04761904761905, 55.371900826446286, 29.655172413793103, 18.238993710691823, 9.941520467836257, 5.027932960893855], 6.0], [[4.444444444444445, 8.670520231213873, 2.1739130434782608, 2.1739130434782608, 2.1739130434782608, 4.444444444444445, 1.6216216216216217], 2.0], [[2.73224043715847, 6.214689265536723, 3.296703296703297, 1.6216216216216217, 0.53475935828877, 3.296703296703297, 1.0752688172043012], 0.1], [[79.04761904761905, 91.83673469387756, 84.31372549019608, 66.3716814159292, 62.06896551724138, 50.4, 25.333333333333336], 8.0], [[11.242603550295858, 51.61290322580645, 8.045977011494253, 6.8181818181818175, 2.73224043715847, 1.6216216216216217, 3.296703296703297], 4.0]], "Densities": [[[[0.0005529503354602362, 0.0005529503354602362], [0.003644811117381396, 0.003644811117381396], [0.0010234991407490272, 0.0010234991407490272], [0.0004344807954494379, 0.0004344807954494379], [0.0002993644816666306, 0.0002993644816666306], [0.00021779529018378592, 0.00021779529018378592], [0.00011902443246986518, 0.00011902443246986518]], 20.0], [[[0.0005529503354602362, 0.0005532277816897697], [0.003644811117381396, 0.003643146440004195], [0.0010234991407490272, 0.001026273603044362], [0.0004344807954494379, 0.00043559058036757184], [0.0002993644816666306, 0.00029880958920756363], [0.00021779529018378592, 0.0002183501826428529], [0.00011902443246986518, 0.00012290867968333397]], 10.0], [[[0.0005529503354602362, 0.000556279690214638], [0.003644811117381396, 0.0036697812780394096], [0.0010234991407490272, 0.0010431978230459045], [0.0004344807954494379, 0.0004217182688908976], [0.0002993644816666306, 0.00028521472396042286], [0.00021779529018378592, 0.00022917058559465884], [0.00011902443246986518, 0.00011070104558386062]], 6.0], [[[0.0005529503354602362, 0.0005623835072643747], [0.003644811117381396, 0.003640926870167927], [0.0010234991407490272, 0.0009996387650091474], [0.0004344807954494379, 0.00043059654823596915], [0.0002993644816666306, 0.0003143465780614388], [0.00021779529018378592, 0.00021113658067498228], [0.00011902443246986518, 0.0001168048626335973]], 2.0], [[[0.0005529503354602362, 0.0005507307656239682], [0.003644811117381396, 0.0036531345042674006], [0.0010234991407490272, 0.0010284931728806298], [0.0004344807954494379, 0.00043337101053130396], [0.0002993644816666306, 0.00031823082527490757], [0.00021779529018378592, 0.00021224636559311622], [0.00011902443246986518, 0.00011458529279732942]], 0.1], [[[0.0005529503354602362, 0.0005479563033286334], [0.003644811117381396, 0.003624280096395918], [0.0010234991407490272, 0.0010196148935355583], [0.0004344807954494379, 0.00044363652102404294], [0.0002993644816666306, 0.00030546829871636727], [0.00021779529018378592, 0.00021196891936358273], [0.00011902443246986518, 0.00011430784656779593]], 8.0], [[[0.0005529503354602362, 0.0005451818410332985], [0.003644811117381396, 0.0037022424868948275], [0.0010234991407490272, 0.0009946447328775447], [0.0004344807954494379, 0.0004164467905297614], [0.0002993644816666306, 0.0002993644816666306], [0.00021779529018378592, 0.00022722846198792442], [0.00011902443246986518, 0.00012068910984706609]], 4.0]],